stage,seed,radius,width,method,normalized_regret,regret,target_mse,normal_contribution,test_cost,rare_cost,common_cost,rare_axis_span,student_boundary_fraction,weighted_distance,radial_slack
neural_information_transfer,12101,0.5,2,weight,0.5160162033507653,0.057622041979955796,0.02082720662957603,0.042626453206661044,7.986382664976237,60.02032115907967,2.2455821859575065,0.9999894445595681,0.08829752604166666,0.036754095965637806,0.020867946014317976
neural_information_transfer,12101,0.5,2,point,0.4931783328754812,0.05507180281553739,0.02049453088038127,0.04031574058166287,7.97228410441694,60.04498212287272,2.227207364511409,0.9988055710585733,0.10670979817708333,0.03649158811218856,0.018580214703348828
neural_information_transfer,12101,0.5,2,restored,0.4542085228004426,0.050720156457315625,0.02251358342851014,0.034510376388788316,7.956128741803781,60.01655205499257,2.2124062456075646,0.9998864102609084,0.2652587890625,0.043113467386393226,0.0076066890709223945
neural_information_transfer,12101,0.5,2,shuffled,0.5490752973571134,0.06131365571278697,0.021391436436331557,0.04591182147862825,8.069495178947374,61.26603267731376,2.2004274744650965,0.7449967412088762,0.14662679036458331,0.04552690484834813,0.015786750864438846
neural_information_transfer,12101,0.5,4,shuffled,0.33329804660203055,0.03721843211207174,0.015929880293987245,0.025748918300400925,7.878025733053937,60.78037159662923,2.0414156038928777,0.7608661030017767,0.40506998697916663,0.03510752426504811,0.0021109078470236296
neural_information_transfer,12101,0.5,4,weight,0.3244557319541633,0.036231036323856464,0.015331454649718025,0.025192388976059483,7.811145374829275,59.95593094694127,2.0581153591476324,0.9999427912980665,0.17036946614583331,0.02625128413475445,0.009979752189102017
neural_information_transfer,12101,0.5,4,point,0.410839523174359,0.04587726528286125,0.014938297046510203,0.035121691409373906,7.972969918116255,62.04327202623944,2.0075015098738764,0.5720787823836411,0.320556640625,0.036875718975797445,0.009001546307063811
neural_information_transfer,12101,0.5,4,restored,0.26674079044910215,0.029786175172830377,0.015305020552470381,0.0187665603750517,7.7912316689890035,59.94127184187683,2.0376219237015682,0.9999745221977546,0.4879150390625,0.028671751394654305,0.001114423778176076
neural_information_transfer,12101,0.5,16,restored,0.00041093623107571904,4.588806437543969e-05,1.3680832136990883e-05,3.6037865236804656e-05,7.527173117237117,59.92762368367837,1.7459360935066772,1.0,0.6911214192708333,4.58816484738212e-05,6.415901617455869e-09
neural_information_transfer,12101,0.5,16,point,0.00032225297951384745,3.598506130841485e-05,1.024201020963983e-05,2.8610813957472785e-05,7.527128615192275,59.927194592754724,1.745934022384491,1.0000000000000009,0.694091796875,3.598454558642915e-05,5.157219848413335e-10
neural_information_transfer,12101,0.5,16,shuffled,0.036129772209981946,0.0040345075164135,0.001703422225755263,0.0028080435138697103,7.554038891778189,59.942341446997446,1.7741421338561951,0.9999999999999993,0.70391845703125,0.0040344151244213824,9.239199211767209e-08
neural_information_transfer,12101,0.5,16,weight,0.0005989270244951459,6.688045438164267e-05,2.1945266678759354e-05,5.1079862372934405e-05,7.527395132640897,59.92873898667766,1.7460595542746842,0.9999999999999999,0.6896158854166666,6.686548620227376e-05,1.4968179367948094e-08
neural_information_transfer,12101,2.0,2,restored,0.41409877584458216,0.12156483254449897,0.13643441980650722,0.023332050283813733,7.115793631813251,51.21581263447749,2.2503266396515946,0.9999913378783893,0.07840983072916666,0.11072989152113628,0.010834941023362667
neural_information_transfer,12101,2.0,2,point,0.4082404220681842,0.11984502597332104,0.13090168004591146,0.02559581634026476,7.106495316155078,51.50102490770508,2.208535559104155,0.9999434945147891,0.07704671223958333,0.1093040547886674,0.010540971184653618
neural_information_transfer,12101,2.0,2,weight,0.4146964747168593,0.12174029590628316,0.1364322012570136,0.023509111001233346,7.111621523680299,51.1831674250575,2.249295911899186,0.9999925493992942,0.07613118489583333,0.110519725555593,0.01122057035069015
neural_information_transfer,12101,2.0,2,shuffled,0.4171508192214482,0.12246080510870312,0.13482201455606455,0.025388954628336645,7.127191079905572,51.50736155964797,2.230815534973297,0.9953852092782849,0.0791015625,0.11189345493430332,0.01056735017439982
neural_information_transfer,12101,2.0,4,shuffled,0.26983401391786005,0.07921377369404708,0.08823563835811793,0.015684114076202176,6.880008281732742,51.421542226801,1.9658298280480617,0.9902923209933167,0.08913167317708333,0.07231562033265611,0.006898153361390977
neural_information_transfer,12101,2.0,4,restored,0.2561587338835151,0.0751991925739179,0.08738787928770533,0.012279919486770041,6.8499798536922825,51.105891619214916,1.9673135244519138,0.9999878388265288,0.09564208984375,0.07087684973882802,0.004322342835089884
neural_information_transfer,12101,2.0,4,point,0.2672050070394908,0.078441989763328,0.08731204891051843,0.015577314547754732,6.87413456282461,51.38393829397371,1.9634568402500134,0.9998991563115128,0.08677164713541666,0.07103823727143974,0.007403752491888273
neural_information_transfer,12101,2.0,4,weight,0.2617897708650495,0.07685226693115536,0.08740905781305276,0.013917745305757363,6.853158977806789,51.18927120362946,1.9616442920085162,0.9999826041001256,0.08150227864583333,0.07075248217879596,0.006099784752359401
neural_information_transfer,12101,2.0,16,restored,0.000448892744648237,0.00013177911772935136,0.0001280368803387611,3.959256388544665e-05,6.40860353444803,51.113853074557944,1.4763626662385587,1.0000000000000002,0.20640055338541666,0.000131642251732374,1.3686599698107068e-07
neural_information_transfer,12101,2.0,16,point,0.0002241834046439637,6.581236080501604e-05,5.0336286478543125e-05,2.9570234540468366e-05,6.408625554658753,51.11426101007348,1.4763421091846967,1.0000000000000004,0.20662434895833331,6.576692737412533e-05,4.5433430894788366e-08
neural_information_transfer,12101,2.0,16,weight,0.0003276340853781493,9.618184126149935e-05,8.817882715564359e-05,3.269308570943875e-05,6.408621256535168,51.11422667742511,1.4763411247102285,1.0000000000000024,0.20638020833333331,9.610285785661383e-05,7.898340488868452e-08
neural_information_transfer,12101,2.0,16,shuffled,0.003953096817314509,0.0011604901551541679,0.0013233645959090025,0.0002076676460996889,6.4120551888231,51.11434744106255,1.4801405922762165,1.0,0.20499674479166666,0.0011596744159219536,8.15739232217974e-07
neural_information_transfer,12101,8.0,2,weight,0.24889593957524897,0.12845115979265925,0.17802547214808706,0.0002728198460365845,6.21194836141262,42.07189547101829,2.255592038937828,0.9999940123565972,0.02471923828125,0.12843724956198432,1.3910230674955566e-05
neural_information_transfer,12101,8.0,2,point,0.2487646693469185,0.1283834133557183,0.177876470139605,0.00031235485520267933,6.211734558176632,42.082111338381665,2.2542275509813368,0.9999932289250862,0.02471923828125,0.12837040317685258,1.301017886572628e-05
neural_information_transfer,12101,8.0,2,restored,0.24894431324823563,0.12847612466114675,0.17804959272915893,0.00028041789615228745,6.211837729533231,42.072328331163824,2.255421444669135,0.999993910574803,0.024800618489583332,0.12846546614346857,1.0658517678160822e-05
neural_information_transfer,12101,8.0,2,shuffled,0.24953027091311694,0.12877852791357364,0.1781666879226103,0.0004985126092941585,6.205310487672376,42.059569983110585,2.2495816683057863,0.9999877307093756,0.024943033854166664,0.1287719377171406,6.5901964330262946e-06
neural_information_transfer,12101,8.0,4,restored,0.21442204845329282,0.11065974340901696,0.12757873500427558,0.018803054205938516,6.003760959961472,42.53672156159426,1.9731524034788073,0.9999916697735732,0.015787760416666664,0.09439527595320657,0.016264467455810394
neural_information_transfer,12101,8.0,4,point,0.22461120723072356,0.11591820308700958,0.13062125475606967,0.021870899662639415,6.024120480870383,42.7415427848,1.97316063329669,0.9999907641740962,0.015787760416666664,0.09746898293010994,0.01844922015689962
neural_information_transfer,12101,8.0,4,shuffled,0.22492673639785923,0.11608104257541647,0.13088954447206294,0.021840570555531142,6.024490588083337,42.73315690335828,1.9744967712449246,0.9999753371911825,0.015625,0.09765330150046606,0.018427741074950404
neural_information_transfer,12101,8.0,4,weight,0.2225540366518567,0.11485653069814807,0.13000848940809204,0.021250418324321774,6.019159115865083,42.69242566629816,1.973070884358912,0.9999923038316613,0.015645345052083332,0.09683794249354327,0.01801858820460478
neural_information_transfer,12101,8.0,16,shuffled,0.0005647884714346535,0.00029147817484331037,0.00038588807820248716,1.3638758537524968e-05,5.499662143874552,41.75682089983505,1.499482254019328,1.0000000000000013,0.02532958984375,0.00029147750432109254,6.705222237092938e-10
neural_information_transfer,12101,8.0,16,weight,0.0002841702131958059,0.00014665564060956817,0.00018523681081485506,1.3285136822876226e-05,5.497879695522463,41.74616296925144,1.498679019890125,1.0000000000000007,0.02520751953125,0.00014665213112535758,3.5094842146694342e-09
neural_information_transfer,12101,8.0,16,restored,0.0002995630755422433,0.00015459964734709417,0.00019644134175112124,1.3161881286288705e-05,5.497888321662081,41.74599532529024,1.4987070935578075,1.0000000000000004,0.025187174479166664,0.00015459712683187212,2.520515224108645e-09
neural_information_transfer,12101,8.0,16,point,0.0002656810974834029,0.0001371137077003701,0.00017262749084996534,1.2821914288397114e-05,5.497892293907588,41.74576148188616,1.4987373035288178,1.0000000000000013,0.025166829427083332,0.00013711217275385744,1.5349465149485715e-09
neural_information_transfer,12101,32.0,2,weight,0.23176078867024644,0.12987866522597113,0.180387035036071,0.0,6.248731748652121,42.45127130712223,2.2545778857360648,0.9999940147604414,0.0,0.12987866522597113,0.0
neural_information_transfer,12101,32.0,2,shuffled,0.23176078867024644,0.12987866522597113,0.180387035036071,0.0,6.248731748652121,42.45127130712223,2.2545778857360648,0.9999940147604414,0.0,0.12987866522597113,0.0
neural_information_transfer,12101,32.0,2,restored,0.23176078867024644,0.12987866522597113,0.180387035036071,0.0,6.248731748652121,42.45127130712223,2.2545778857360648,0.9999940147604414,0.0,0.12987866522597113,0.0
neural_information_transfer,12101,32.0,2,point,0.23176078867024644,0.12987866522597113,0.180387035036071,0.0,6.248731748652121,42.45127130712223,2.2545778857360648,0.9999940147604414,0.0,0.12987866522597113,0.0
neural_information_transfer,12101,32.0,4,shuffled,0.26759766889915143,0.14996164042077686,0.20828005613996783,0.0,6.081440885080096,43.317968336220616,1.9732092036991813,0.9999927855239615,0.0,0.14996164042077686,0.0
neural_information_transfer,12101,32.0,4,weight,0.26759766889915143,0.14996164042077686,0.20828005613996783,0.0,6.081440885080096,43.317968336220616,1.9732092036991813,0.9999927855239615,0.0,0.14996164042077686,0.0
neural_information_transfer,12101,32.0,4,restored,0.26759766889915143,0.14996164042077686,0.20828005613996783,0.0,6.081440885080096,43.317968336220616,1.9732092036991813,0.9999927855239615,0.0,0.14996164042077686,0.0
neural_information_transfer,12101,32.0,4,point,0.26759766889915143,0.14996164042077686,0.20828005613996783,0.0,6.081440885080096,43.317968336220616,1.9732092036991813,0.9999927855239615,0.0,0.14996164042077686,0.0
neural_information_transfer,12101,32.0,16,point,0.0003272225285466216,0.00018337539099407856,0.00025468804304733066,0.0,5.520427167899504,41.97350137076927,1.498632318192809,1.0000000000000009,0.0,0.00018337539099407812,0.0
neural_information_transfer,12101,32.0,16,weight,0.0003272225285466216,0.00018337539099407856,0.00025468804304733066,0.0,5.520427167899504,41.97350137076927,1.498632318192809,1.0000000000000009,0.0,0.00018337539099407812,0.0
neural_information_transfer,12101,32.0,16,shuffled,0.0003272225285466216,0.00018337539099407856,0.00025468804304733066,0.0,5.520427167899504,41.97350137076927,1.498632318192809,1.0000000000000009,0.0,0.00018337539099407812,0.0
neural_information_transfer,12101,32.0,16,restored,0.0003272225285466216,0.00018337539099407856,0.00025468804304733066,0.0,5.520427167899504,41.97350137076927,1.498632318192809,1.0000000000000009,0.0,0.00018337539099407812,0.0
neural_information_transfer,12102,0.5,2,point,0.49621233925848235,0.05557826904058164,0.02057858834505876,0.04076168543213934,8.036317738514423,61.12339455056529,2.2431707156992315,0.9980397498519709,0.10898844401041666,0.03717684422155613,0.018401424819025517
neural_information_transfer,12102,0.5,2,restored,0.4614266679020861,0.05168209950096051,0.02249993617800388,0.03548214545279771,8.019127009031184,61.04586226646766,2.232564780830019,0.9997524330524795,0.24918619791666666,0.04314422559077569,0.008537873910184818
neural_information_transfer,12102,0.5,2,shuffled,0.5964824148901708,0.06680902007048399,0.021432900282605007,0.05137733186700839,8.188830239957149,62.896165961230864,2.2188718604084596,0.7039748043384928,0.11130777994791666,0.048050257370002514,0.01875876270048148
neural_information_transfer,12102,0.5,2,weight,0.5173366644886828,0.057944299342648053,0.0208621266130238,0.04292356818127091,8.045714249781065,61.05148484102165,2.261439798584218,0.9999983060356151,0.08858235677083333,0.036951707960083145,0.0209925913825649
neural_information_transfer,12102,0.5,4,shuffled,0.35868075362704416,0.040174042133962654,0.015554780485487148,0.02897460018441191,7.967920454416124,62.280510991248725,2.041038790093477,0.7221212496278583,0.41998291015625,0.03591302734089631,0.004261014793066336
neural_information_transfer,12102,0.5,4,point,0.31596218114603797,0.03538934790824694,0.014730170389981461,0.024783625227460283,7.9126914321004485,61.814648666276995,2.0306202798196065,0.7694255405734073,0.3841552734375,0.03214282221292564,0.003246525695321304
neural_information_transfer,12102,0.5,4,weight,0.3231717068126096,0.03619685091744351,0.015216923905403235,0.025240665705553184,7.867731343969978,60.99284295886113,2.0704337591334947,0.999981149673064,0.17093912760416666,0.026167404368065028,0.010029446549378483
neural_information_transfer,12102,0.5,4,restored,0.26827587555392657,0.030048242675534898,0.015219716539510425,0.019090046767087386,7.849308551056865,60.97399798796974,2.0520570365494493,0.9999227506151053,0.48215738932291663,0.028752440349595138,0.0012958023259397548
neural_information_transfer,12102,0.5,16,restored,0.0005559205256341364,6.226588517538046e-05,2.0957729731479764e-05,4.717631976871378e-05,7.583372001631609,60.95229088840371,1.7594688574753272,1.0000000000000018,0.6901041666666666,6.2189582014937e-05,7.630316044274799e-08
neural_information_transfer,12102,0.5,16,weight,0.0003147208282278877,3.525031015968476e-05,1.0371644886400509e-05,2.778272584147484e-05,7.583160373928559,60.951307505188964,1.7593414478798337,1.0,0.69366455078125,3.5247607628663934e-05,2.7025310197563248e-09
neural_information_transfer,12102,0.5,16,point,0.00018053979115293414,2.0221361484526345e-05,5.15873238611533e-06,1.6507074166521984e-05,7.583082780949235,60.9510607034993,1.759282319864027,1.0000000000000002,0.6954345703125,2.0220757653091707e-05,6.038314338311697e-10
neural_information_transfer,12102,0.5,16,shuffled,0.04590713314798218,0.005141829001659076,0.0020708615835619212,0.0036508086614944913,7.616789033331269,60.966992074155314,1.7949282628324623,1.0,0.6865234375,0.0051411522052217514,6.767964373244212e-07
neural_information_transfer,12102,2.0,2,restored,0.4168871156680981,0.12281456396991294,0.13758023935401756,0.023756791635020306,7.174954197264055,52.13756796597968,2.2683922290018304,0.9999957559323058,0.07735188802083333,0.11177512394612522,0.011039440023787737
neural_information_transfer,12102,2.0,2,shuffled,0.41832972333333357,0.12323955487207025,0.1351819295792705,0.02590856557499548,7.181783553153732,52.449078159905625,2.241973175000194,0.9953621714301721,0.07881673177083333,0.11237837960328746,0.010861175268782788
neural_information_transfer,12102,2.0,2,point,0.4103291770964057,0.12088260124918185,0.13160735663184348,0.026125304474254558,7.1643910201852625,52.447760991521484,2.222826411886184,0.9999845228359795,0.07633463541666666,0.11021475238644587,0.010667848862735987
neural_information_transfer,12102,2.0,2,weight,0.4174919028261285,0.12299273371495069,0.13760926035100463,0.02391406626222735,7.170811264392616,52.10084867842423,2.2678042029643084,0.9999968688299327,0.07515462239583333,0.11155582541842475,0.011436908296525926
neural_information_transfer,12102,2.0,4,point,0.27526586102323974,0.08109307154574377,0.08903672712531455,0.01698662801551729,6.9367109255555075,52.39028829608912,1.9765723714463705,0.9999912964113316,0.09718831380208333,0.0756728791957734,0.005420192349970374
neural_information_transfer,12102,2.0,4,restored,0.2817809080210439,0.0830123984479353,0.09251915105577986,0.01639860968777379,6.940883109645959,52.280797161387994,1.9931481075197626,0.9999822194491251,0.09600830078125,0.07738707588213851,0.005625322565796792
neural_information_transfer,12102,2.0,4,shuffled,0.28736574447617164,0.08465768617284034,0.0916912558026747,0.018639981994914533,6.958863965094588,52.53722416981878,1.985108437744507,0.9976105166042534,0.09578450520833333,0.07895780343146525,0.005699882741375108
neural_information_transfer,12102,2.0,4,weight,0.2798283390071567,0.0824371733976782,0.09164229059872869,0.016454724166593528,6.926812516250029,52.21673585391286,1.9845327694105706,0.9999769215808222,0.08500162760416666,0.07605333436174261,0.00638383903593559
neural_information_transfer,12102,2.0,16,shuffled,0.004696500627017164,0.0013835848003293776,0.001573112367705471,0.0002509438955814414,6.464547845955794,52.044479231099416,1.4906208629574504,1.0000000000000013,0.21195475260416666,0.0013572030379154572,2.6381762413923844e-05
neural_information_transfer,12102,2.0,16,restored,0.00016065636519078553,4.73292186261906e-05,4.6332372940172426e-05,1.3969910109269168e-05,6.459362202086761,52.02470375082695,1.4870273404181185,1.0000000000000024,0.20819091796875,4.7300158198947314e-05,2.90604272463281e-08
neural_information_transfer,12102,2.0,16,point,0.00015368259593521942,4.5274752565332494e-05,3.774166784957555e-05,1.810075171364012e-05,6.4594337696622945,52.02519620407779,1.4870529786876288,1.0000000000000004,0.20780436197916666,4.52571504437261e-05,1.7602121608673105e-08
neural_information_transfer,12102,2.0,16,weight,0.0003960195509727443,0.00011666699844712952,0.00011507077336514568,3.381604162422636e-05,6.459558867761059,52.025821371886124,1.4871235064931463,0.9999999999999996,0.20796712239583331,0.00011659236751855346,7.463092857804658e-08
neural_information_transfer,12102,8.0,2,shuffled,0.25046798883126875,0.12988618440914163,0.1797324122899065,0.00047884756040893884,6.257498142239388,42.81202488522737,2.2684718012092895,0.9999931302353997,0.024800618489583332,0.12987792765610903,8.256753032603813e-06
neural_information_transfer,12102,8.0,2,restored,0.2501241432604291,0.1297078750394264,0.17973235336908414,0.0003005806136858254,6.26365616706267,42.8310801111362,2.273222414162147,0.9999955926030903,0.024637858072916664,0.12969241112094793,1.5463918478486766e-05
neural_information_transfer,12102,8.0,2,point,0.2500500324622659,0.12966944310709905,0.1796368173277302,0.000330934631133273,6.263253349001873,42.83501240275041,2.2723465256439916,0.999996084842702,0.024617513020833332,0.12965391641885224,1.5526688246789723e-05
neural_information_transfer,12102,8.0,2,weight,0.25007345188829616,0.12968158781230596,0.1797112862597046,0.0002894617053186302,6.263712012132695,42.82958353802498,2.273447667444206,0.9999956595621279,0.0245361328125,0.12966282975031077,1.8758061995202075e-05
neural_information_transfer,12102,8.0,4,point,0.1919776385977927,0.09955461009487494,0.1382318130230491,2.7704718279568288e-05,6.073612393212157,42.459627505144155,2.1029749466623073,0.9999963490085982,0.02496337890625,0.09955454531601687,6.477885807198616e-08
neural_information_transfer,12102,8.0,4,shuffled,0.19196256300056053,0.09954679228226218,0.13822268228840334,2.6461034611772073e-05,6.073385295817503,42.457421091838775,2.1029638428533617,0.9999977017285703,0.02490234375,0.09954667308136335,1.192008988365824e-07
neural_information_transfer,12102,8.0,4,weight,0.1920820705430019,0.09960876578541622,0.13830831924747625,2.6775927233307456e-05,6.073806779275346,42.45949500556806,2.103205004242592,0.9999929851655798,0.02496337890625,0.09960867915046463,8.663495158146608e-08
neural_information_transfer,12102,8.0,4,restored,0.1920179325750055,0.09957550550342298,0.1382624316188596,2.6554737844057032e-05,6.073685453609761,42.459703219839845,2.103047717408644,0.9999930542819853,0.02496337890625,0.09957539159135588,1.139120670853222e-07
neural_information_transfer,12102,8.0,16,restored,0.00023828671499907345,0.00012356929263111636,0.000154514147973032,1.231910609053406e-05,5.538326615854793,42.455185425800806,1.509760653112241,1.0000000000000004,0.0250244140625,0.00012356697357873768,2.319052379386022e-09
neural_information_transfer,12102,8.0,16,shuffled,0.00042783056019817835,0.0002218618007716826,0.0002900957243747288,1.2992879221877328e-05,5.537395197068123,42.443915268416994,1.509957453024365,1.0000000000000018,0.024861653645833332,0.00022175890920669725,1.0289156498504617e-07
neural_information_transfer,12102,8.0,16,weight,0.00017854290701504837,9.258770772948251e-05,0.00011339393066915519,1.0944077647691955e-05,5.538361022265744,42.4548928984296,1.509830736293896,1.0000000000000009,0.0250244140625,9.258556595867544e-05,2.1417708081375903e-09
neural_information_transfer,12102,8.0,16,point,0.00021687944110469423,0.00011246803718639175,0.0001378547719899231,1.3212601353648948e-05,5.538327092171528,42.45503883269004,1.5097771784350098,1.0000000000000004,0.025044759114583332,0.00011246721873093475,8.184554588360871e-10
neural_information_transfer,12102,32.0,2,point,0.232506080903296,0.1312024290817851,0.18222559594692372,0.0,6.290562671254618,43.10696746082258,2.2729587908874644,0.9999947989691559,0.0,0.1312024290817851,0.0
neural_information_transfer,12102,32.0,2,restored,0.232506080903296,0.1312024290817851,0.18222559594692372,0.0,6.290562671254618,43.10696746082258,2.2729587908874644,0.9999947989691559,0.0,0.1312024290817851,0.0
neural_information_transfer,12102,32.0,2,shuffled,0.232506080903296,0.1312024290817851,0.18222559594692372,0.0,6.290562671254618,43.10696746082258,2.2729587908874644,0.9999947989691559,0.0,0.1312024290817851,0.0
neural_information_transfer,12102,32.0,2,weight,0.232506080903296,0.1312024290817851,0.18222559594692372,0.0,6.290562671254618,43.10696746082258,2.2729587908874644,0.9999947989691559,0.0,0.1312024290817851,0.0
neural_information_transfer,12102,32.0,4,weight,0.17661371598550946,0.09966254842210817,0.13842020614181688,0.0,6.093845183621697,42.663870880818735,2.103127513442871,0.9999898668889758,0.0,0.09966254842210816,0.0
neural_information_transfer,12102,32.0,4,point,0.17661371598550946,0.09966254842210817,0.13842020614181688,0.0,6.093845183621697,42.663870880818735,2.103127513442871,0.9999898668889758,0.0,0.09966254842210816,0.0
neural_information_transfer,12102,32.0,4,restored,0.17661371598550946,0.09966254842210817,0.13842020614181688,0.0,6.093845183621697,42.663870880818735,2.103127513442871,0.9999898668889758,0.0,0.09966254842210816,0.0
neural_information_transfer,12102,32.0,4,shuffled,0.17661371598550946,0.09966254842210817,0.13842020614181688,0.0,6.093845183621697,42.663870880818735,2.103127513442871,0.9999898668889758,0.0,0.09966254842210816,0.0
neural_information_transfer,12102,32.0,16,restored,0.0002467953880063284,0.00013926583884091832,0.00019342477616794067,0.0,5.558905099174391,42.66512287065414,1.5096752692512008,1.0000000000000002,0.0,0.00013926583884091726,0.0
neural_information_transfer,12102,32.0,16,weight,0.0002467953880063284,0.00013926583884091832,0.00019342477616794067,0.0,5.558905099174391,42.66512287065414,1.5096752692512008,1.0000000000000002,0.0,0.00013926583884091726,0.0
neural_information_transfer,12102,32.0,16,shuffled,0.0002467953880063284,0.00013926583884091832,0.00019342477616794067,0.0,5.558905099174391,42.66512287065414,1.5096752692512008,1.0000000000000002,0.0,0.00013926583884091726,0.0
neural_information_transfer,12102,32.0,16,point,0.0002467953880063284,0.00013926583884091832,0.00019342477616794067,0.0,5.558905099174391,42.66512287065414,1.5096752692512008,1.0000000000000002,0.0,0.00013926583884091726,0.0
neural_information_transfer,12103,0.5,2,weight,0.5076015593630062,0.05765044719553201,0.020751551949892824,0.042709329791609185,8.230578630514502,60.913015215992665,2.2751727556343617,0.9999910574343748,0.08734130859375,0.03680852130320734,0.020841925892324677
neural_information_transfer,12103,0.5,2,restored,0.4554923779793235,0.051732187973609414,0.022287620177702645,0.03568510144566351,8.206002266570039,60.90161875105133,2.2491064900634603,0.9994962416424144,0.25925699869791663,0.04277596349467128,0.008956224478938133
neural_information_transfer,12103,0.5,2,shuffled,0.7898278066572371,0.08970407088267586,0.02128443271564726,0.07437927932740981,8.631992281855155,65.78262071935951,2.1714864584850977,0.06867724511186588,0.1129150390625,0.057889269290350244,0.03181480159232561
neural_information_transfer,12103,0.5,2,point,0.8037255491188418,0.09128249603354673,0.02097764126237802,0.07617859432463454,8.641242363606931,65.94786959842789,2.163101893583692,2.3980994510486357e-05,0.091552734375,0.05780471567976975,0.03347778035377698
neural_information_transfer,12103,0.5,4,weight,0.3120081865181399,0.0354360839710782,0.015005207101895292,0.02463233485771358,8.050484049356315,60.86124187340513,2.0805722953334076,0.9999789618657957,0.18332926432291666,0.025996433171667,0.009439650799411194
neural_information_transfer,12103,0.5,4,restored,0.25988656868123144,0.029516412288778437,0.01489490543442715,0.018792080375990887,8.03183997038766,60.840354873516254,2.0621817639470374,0.9999709720029211,0.486572265625,0.028215602870454007,0.0013008094183244309
neural_information_transfer,12103,0.5,4,point,0.6136916078519277,0.06969954087061289,0.014250269400922229,0.05943934690194889,8.479835921123218,65.94421170711011,1.983863006185569,8.494464831096078e-05,0.39414469401041663,0.046949755101036605,0.022749785769576286
neural_information_transfer,12103,0.5,4,shuffled,0.452501651855512,0.05139251861031301,0.015241121785205328,0.04041891092496516,8.293516183678756,63.70481059166131,2.0296307288633373,0.37951060387538643,0.34556070963541663,0.04328290535333351,0.00810961325697949
neural_information_transfer,12103,0.5,16,point,0.0002948950392774579,3.349247175565008e-05,8.491680822088156e-06,2.7378461563744783e-05,7.770066414275419,60.814679391981706,1.7737188602738403,1.0000000000000013,0.697509765625,3.349101059589416e-05,1.461159754677601e-09
neural_information_transfer,12103,0.5,16,shuffled,0.08873035506331164,0.01007748017093869,0.002397482045515506,0.008351293098167525,7.849359546681976,61.19589976202282,1.818881087556489,1.0000000000000004,0.6573893229166666,0.008815366955251364,0.0012621132156873265
neural_information_transfer,12103,0.5,16,weight,0.00019612858463516987,2.2275149481875946e-05,6.308383335281258e-06,1.773311348047173e-05,7.76995955524427,60.81415196770844,1.7736595434004956,1.0000000000000018,0.6962483723958333,2.2273743451553658e-05,1.4060303212132164e-09
neural_information_transfer,12103,0.5,16,restored,0.0005009306713755901,5.689280634795767e-05,1.821072409410037e-05,4.378108500020364e-05,7.770275211664615,60.815799731247175,1.7738246137987619,1.0000000000000009,0.6935831705729166,5.6879253492665256e-05,1.355285529121577e-08
neural_information_transfer,12103,2.0,2,weight,0.409166221203566,0.12282636826420837,0.136702510906129,0.024400560411795474,7.325839236610488,51.98923473865553,2.276933658118438,0.99999656662732,0.07743326822916666,0.11127502781869192,0.01155134044551648
neural_information_transfer,12103,2.0,2,point,0.40087389966867576,0.12033712138646346,0.13072583750566785,0.02621451838238257,7.320999250401162,52.29093603421957,2.2374411791869075,0.9999356266182918,0.07806396484375,0.10975380936603568,0.010583312020427782
neural_information_transfer,12103,2.0,2,shuffled,0.7844892282133792,0.23549344459669522,0.15199277486620272,0.12605864669302924,8.39828719131705,63.74787170234745,2.14137763789622,0.20935611378425767,0.009765625,0.17494933008846605,0.06054411450822916
neural_information_transfer,12103,2.0,2,restored,0.4086924747869173,0.12268415576273652,0.1366323820375736,0.02430884069568351,7.330548555426661,52.03242368076824,2.277293106475004,0.9999959970880536,0.08050537109375,0.11154303136961105,0.011141124393125453
neural_information_transfer,12103,2.0,4,restored,0.2758992154918805,0.08282134958778106,0.09189788154705915,0.016654874873898474,7.0988976111411155,52.16866981641348,2.0040537966320664,0.99997745454972,0.0965576171875,0.07721304470070554,0.005608304887075527
neural_information_transfer,12103,2.0,4,weight,0.28220459701807543,0.08471414296428378,0.09092738941233426,0.01924642258740312,7.113302025348169,52.37874454792672,1.9963389575784198,0.999946484252122,0.07326253255208333,0.07498454728312721,0.009729595681156585
neural_information_transfer,12103,2.0,4,point,0.2658394893630069,0.0798015508797949,0.08607332166379753,0.017828759281860677,7.095637580469658,52.34042727797517,1.9810091798820784,0.9999814670457376,0.088134765625,0.0706796581658625,0.009121892713932414
neural_information_transfer,12103,2.0,4,shuffled,0.31367973869056226,0.09416257038055775,0.08804209132719906,0.030772264624974427,7.217025416652475,53.52904833121813,1.98175326109288,0.9791617767417389,0.06980387369791666,0.07632309128758893,0.01783947909296881
neural_information_transfer,12103,2.0,16,restored,0.000254691007023353,7.645492174357377e-05,7.232978852422663e-05,2.4377474006133312e-05,6.616771546867849,51.895399747280884,1.4983179242124613,1.0000000000000018,0.2103271484375,7.640717761642214e-05,4.7744127155141103e-08
neural_information_transfer,12103,2.0,16,weight,5.6731780648925856e-05,1.7030141348844384e-05,1.3519173021153557e-05,7.2963367736160075e-06,6.616622038454405,51.89468666768188,1.4982321238460832,1.0000000000000013,0.2109375,1.7020591162957334e-05,9.55018588987479e-09
neural_information_transfer,12103,2.0,16,shuffled,0.004299208296243606,0.0012905663128438979,0.0014298006026926418,0.00026110987890519736,6.620835614005877,51.89451885634418,1.5029409866111134,0.9999999999999993,0.2080078125,0.001260020274116148,3.054603872775199e-05
neural_information_transfer,12103,2.0,16,point,0.0002276218838602813,6.832912367442544e-05,6.280084917776213e-05,2.311251226643875e-05,6.616761280449975,51.894964999404465,1.4983556426551203,1.0000000000000004,0.21085611979166666,6.828152314295079e-05,4.760053147720798e-08
neural_information_transfer,12103,8.0,2,weight,0.2447336423692158,0.1299695124573798,0.18005260129517556,0.0003316395248534128,6.393349283683712,42.71630123213546,2.2872764547282958,0.9999941238886553,0.025349934895833332,0.12994782143000255,2.169102737727227e-05
neural_information_transfer,12103,8.0,2,restored,0.24478800897930525,0.12999838467020222,0.18007720237817804,0.00034279895791403385,6.393713878759511,42.721563824607266,2.2870873631419393,0.9999939453439488,0.025431315104166664,0.12997986999128153,1.8514678920672024e-05
neural_information_transfer,12103,8.0,2,shuffled,0.24509493920312334,0.13016138462052326,0.18006065014682504,0.0005177165148092315,6.389826106109792,42.72598451314275,2.282260373140849,0.9999887868625268,0.024637858072916664,0.13013612920032908,2.5255420194168554e-05
neural_information_transfer,12103,8.0,2,point,0.2446306768628628,0.1299148310636365,0.17989785489488203,0.0003883755393214264,6.391478665348225,42.714384541934024,2.285411044516787,0.9999953604835489,0.0252685546875,0.1298950298186929,1.98012449435971e-05
neural_information_transfer,12103,8.0,4,point,0.18699579440753383,0.09930695263408823,0.13788847280062771,2.7252217636268452e-05,6.203087208369912,42.363392646011405,2.115400506723482,0.9999980647603193,0.025858561197916664,0.09930668044689524,2.7218719299280206e-07
neural_information_transfer,12103,8.0,4,shuffled,0.1869919986860967,0.09930493685865241,0.1378724799319583,3.67513076424177e-05,6.200004727083478,42.340559735887595,2.11455068260997,0.9999990172907562,0.025410970052083332,0.0993030094768996,1.92738175281308e-06
neural_information_transfer,12103,8.0,4,restored,0.1868557615820141,0.09923258607833138,0.1377867534362527,2.6123604229427774e-05,6.2026329464614145,42.36315350515538,2.114921926782966,0.9999965151448655,0.025858561197916664,0.09923224832367641,3.3775465495608856e-07
neural_information_transfer,12103,8.0,4,weight,0.18700743224560226,0.09931313308449616,0.1378975430584143,2.6902082437831315e-05,6.203032200869546,42.36314909396316,2.1153668129546155,0.9999958725197721,0.025858561197916664,0.09931286429973998,2.6878475615741297e-07
neural_information_transfer,12103,8.0,16,shuffled,0.0006276537233958612,0.0003333250289257344,0.00043951826666309185,1.6871876928308897e-05,5.666173742380529,42.328117831832394,1.521780062703362,1.000000000000002,0.025309244791666664,0.0003326948327877543,6.301961379815707e-07
neural_information_transfer,12103,8.0,16,point,0.00024668049003631187,0.0001310034154372551,0.00016231454328888417,1.4136944269260505e-05,5.668582552191802,42.35632786975064,1.521272211946019,1.0000000000000018,0.02606201171875,0.00013100280151507273,6.139221851295032e-10
neural_information_transfer,12103,8.0,16,restored,0.00026812698651980735,0.00014239290265648114,0.00017874454777371088,1.3696828259407456e-05,5.66857682171483,42.35635453447077,1.5212628194032904,1.000000000000002,0.02606201171875,0.00014239201421824098,8.884382387717539e-10
neural_information_transfer,12103,8.0,16,weight,9.129623715471838e-05,4.848425135719968e-05,5.835596035877717e-05,6.467959898878301e-06,5.668409674871501,42.35565475834758,1.52115588282638,0.9999999999999997,0.026041666666666664,4.848401801467945e-05,2.333425188846832e-10
neural_information_transfer,12103,32.0,2,weight,0.22766084584123036,0.13151252747409917,0.18265628815847104,0.0,6.426535325482279,43.046486753622155,2.2868886423012498,0.999992711647409,0.0,0.13151252747409917,0.0
neural_information_transfer,12103,32.0,2,shuffled,0.22766084584123036,0.13151252747409917,0.18265628815847104,0.0,6.426535325482279,43.046486753622155,2.2868886423012498,0.999992711647409,0.0,0.13151252747409917,0.0
neural_information_transfer,12103,32.0,2,point,0.22766084584123036,0.13151252747409917,0.18265628815847104,0.0,6.426535325482279,43.046486753622155,2.2868886423012498,0.999992711647409,0.0,0.13151252747409917,0.0
neural_information_transfer,12103,32.0,2,restored,0.22766084584123036,0.13151252747409917,0.18265628815847104,0.0,6.426535325482279,43.046486753622155,2.2868886423012498,0.999992711647409,0.0,0.13151252747409917,0.0
neural_information_transfer,12103,32.0,4,shuffled,0.1718838054359604,0.09929188131240624,0.13790539071167532,0.0,6.224689453582975,42.582429938905285,2.114684007416106,0.9999962064250029,0.0,0.09929188131240625,0.0
neural_information_transfer,12103,32.0,4,point,0.1718838054359604,0.09929188131240624,0.13790539071167532,0.0,6.224689453582975,42.582429938905285,2.114684007416106,0.9999962064250029,0.0,0.09929188131240625,0.0
neural_information_transfer,12103,32.0,4,restored,0.1718838054359604,0.09929188131240624,0.13790539071167532,0.0,6.224689453582975,42.582429938905285,2.114684007416106,0.9999962064250029,0.0,0.09929188131240625,0.0
neural_information_transfer,12103,32.0,4,weight,0.1718838054359604,0.09929188131240624,0.13790539071167532,0.0,6.224689453582975,42.582429938905285,2.114684007416106,0.9999962064250029,0.0,0.09929188131240625,0.0
neural_information_transfer,12103,32.0,16,restored,0.00029581884021039154,0.00017088526227147842,0.0002373406420437304,0.0,5.690881831333421,42.57621064711755,1.5212359652013014,1.0000000000000009,0.0,0.00017088526227148588,0.0
neural_information_transfer,12103,32.0,16,weight,0.00029581884021039154,0.00017088526227147842,0.0002373406420437304,0.0,5.690881831333421,42.57621064711755,1.5212359652013014,1.0000000000000009,0.0,0.00017088526227148588,0.0
neural_information_transfer,12103,32.0,16,shuffled,0.00029581884021039154,0.00017088526227147842,0.0002373406420437304,0.0,5.690881831333421,42.57621064711755,1.5212359652013014,1.0000000000000009,0.0,0.00017088526227148588,0.0
neural_information_transfer,12103,32.0,16,point,0.00029581884021039154,0.00017088526227147842,0.0002373406420437304,0.0,5.690881831333421,42.57621064711755,1.5212359652013014,1.0000000000000009,0.0,0.00017088526227148588,0.0
neural_information_transfer,12104,0.5,2,restored,0.4503035837194021,0.05051573699972093,0.022699042761099214,0.0341724262117295,7.990831053440739,60.92281820113932,2.246385357574126,0.9998242103415874,0.29441324869791663,0.04341562948237935,0.007100107517341582
neural_information_transfer,12104,0.5,2,point,0.5010199300181878,0.05620517342404366,0.020647587648407607,0.041338910317190176,8.02298532890708,61.17528500073027,2.254630208906783,0.9502067960090268,0.10874430338541666,0.037937115840268806,0.018268057583774845
neural_information_transfer,12104,0.5,2,weight,0.5080654367617601,0.05699554902520663,0.020729394881524206,0.042070384710509195,8.016759934599488,60.95008264112681,2.2721692971658047,0.9999803972501249,0.0882568359375,0.03639131546048953,0.020604233564717092
neural_information_transfer,12104,0.5,2,shuffled,0.6296205170124181,0.07063178175114582,0.023308461331329595,0.0538496895925885,8.199632010392172,62.94254032323409,2.2586560338158232,0.7798381645470953,0.1881103515625,0.05275506916162729,0.017876712589518513
neural_information_transfer,12104,0.5,4,shuffled,0.45118965815661993,0.05061513817006685,0.01710088248844513,0.03830250277838635,8.048526850701016,63.014889156672766,2.0833005219609135,0.7595893523153543,0.4548543294270833,0.04193593699559779,0.008679201174469051
neural_information_transfer,12104,0.5,4,restored,0.2650027047148574,0.02972840416906868,0.015104464229227618,0.01885318992402479,7.8275079637637175,60.93964923643324,2.0635110353901105,0.9999725597462188,0.4842732747395833,0.028590475999433058,0.001137928169635624
neural_information_transfer,12104,0.5,4,point,0.609744008346407,0.06840200495045626,0.01432253528458475,0.05808977954555525,8.258009757463592,66.03760400800643,1.987477336768685,7.979685367243654e-05,0.39847819010416663,0.0463770490298183,0.02202495592063796
neural_information_transfer,12104,0.5,4,weight,0.3228765678834182,0.03622078165990073,0.0151861078339233,0.025286784019475955,7.849158928169189,60.96949224979648,2.0842729574053065,0.9999956292429784,0.17156982421875,0.026265512518689586,0.009955269141211146
neural_information_transfer,12104,0.5,16,restored,0.000540399101787839,6.062278846488266e-05,1.8867999232327616e-05,4.703782901760537e-05,7.56305116125015,60.904170157503685,1.7742044176783858,0.9999999999999999,0.6927286783854166,6.0613542730119476e-05,9.24573476222861e-09
neural_information_transfer,12104,0.5,16,point,0.0004766816799450338,5.3474871724968126e-05,1.641614657027362e-05,4.165524619436978e-05,7.562962508648799,60.90269274715977,1.7742664800580275,1.0000000000000009,0.6963907877604166,5.347396057237466e-05,9.111525926681332e-10
neural_information_transfer,12104,0.5,16,weight,0.00031804786770336496,3.567909077143099e-05,1.0203021174449962e-05,2.8332915525825587e-05,7.562805654706025,60.90268108780164,1.7740938688680437,1.0000000000000007,0.6948649088541666,3.567696688424726e-05,2.1238871827612683e-09
neural_information_transfer,12104,0.5,16,shuffled,0.07307250706456345,0.008197384347453707,0.003193337841215574,0.0058981811017784925,7.623895446242904,60.95358993740426,1.8362885474727537,1.0000000000000018,0.7190144856770833,0.008197372587656678,1.175979702900084e-08
neural_information_transfer,12104,2.0,2,restored,0.39357659161239217,0.11608782256513189,0.13021673104789305,0.02233177621064886,7.112747858477915,52.03568842915168,2.237484213324957,0.9999953356752639,0.06148274739583333,0.10550043660472325,0.01058738596040865
neural_information_transfer,12104,2.0,2,shuffled,0.4569076157043149,0.13476769541410377,0.1311641047175485,0.04032954001746888,7.277731324506293,53.73809507996315,2.2356187762144937,0.9865676073285605,0.0526123046875,0.11127300560176907,0.023494689812334716
neural_information_transfer,12104,2.0,2,weight,0.4069269212397186,0.12002558393100449,0.13003436931699133,0.026400838022770688,7.140474683832121,52.35297783691206,2.233786249627776,0.99999302693614,0.05523681640625,0.10563682423147391,0.014388759699530563
neural_information_transfer,12104,2.0,2,point,0.4180399478926494,0.12330343910262898,0.12964384480348481,0.029959870844119902,7.178483403896575,52.735926245298785,2.234360378347919,0.9998938230334267,0.060282389322916664,0.10633667208544739,0.01696676701718159
neural_information_transfer,12104,2.0,4,point,0.2852778277703976,0.0841444398822154,0.0885605888020291,0.020380815944754452,6.9584447307347315,52.757897968865265,1.9880575186940421,0.9999110549669652,0.08074951171875,0.07433931685156897,0.009805123030646451
neural_information_transfer,12104,2.0,4,restored,0.3173710043941754,0.09361051858925823,0.10760547422023384,0.016134577150689836,6.992558869921334,51.97221947176245,2.1111396814671273,0.9999955512892187,0.08892822265625,0.08739927688513652,0.0062112417041216925
neural_information_transfer,12104,2.0,4,shuffled,0.29485703122682444,0.08696988452212463,0.09163584543527895,0.020992075808723788,6.961736537744757,52.734493463053376,1.9942465439561912,0.9924547676972091,0.09596761067708333,0.08131175217620751,0.005658132345917152
neural_information_transfer,12104,2.0,4,weight,0.31987662701786923,0.09434956730494254,0.10726461933786274,0.017119041381681355,6.987413802392718,51.97197819803885,2.1054624295499305,0.9999938665847952,0.080810546875,0.08688817684279426,0.007461390462148292
neural_information_transfer,12104,2.0,16,restored,0.0004270183238268136,0.0001259516659905603,0.00012091186211348479,3.889512526885517e-05,6.440079380720191,51.97272768930057,1.4986471826848107,1.0000000000000004,0.20829264322916666,0.00012586050469786417,9.116129270043311e-08
neural_information_transfer,12104,2.0,16,point,0.00013025067147348293,3.8418232083005026e-05,2.3532497244951768e-05,2.1474834066642854e-05,6.440031609412715,51.97272194744347,1.4985948501298108,1.000000000000001,0.20876057942708331,3.840830943300392e-05,9.922650004308588e-09
neural_information_transfer,12104,2.0,16,shuffled,0.0045882421807571004,0.0013533300900429195,0.0014798959632511773,0.0002878049965020758,6.446143035690198,51.985064667222225,1.5040300250692662,0.9999999999999999,0.21394856770833331,0.0013522691340236066,1.0609560193174424e-06
neural_information_transfer,12104,2.0,16,weight,0.00021557190630116987,6.35842520669095e-05,5.768498936637149e-05,2.2051059723125252e-05,6.4400316775774,51.97228102080576,1.498642777270344,1.000000000000001,0.20884195963541666,6.355578792678848e-05,2.8464140124303754e-08
neural_information_transfer,12104,8.0,2,restored,0.41158978009706854,0.21322164200619836,0.23386181322294064,0.044841136485681096,6.54629503017229,46.24238258577179,2.238275785302087,0.9999977784302672,0.013692220052083332,0.18418238156612143,0.02903926044007693
neural_information_transfer,12104,8.0,2,point,0.4008448161035472,0.20765527720128077,0.2281327541690569,0.0433996941995598,6.520784021053257,45.98473689991068,2.2379571998294874,0.9999968326097777,0.0146484375,0.179065894578599,0.02858938262268178
neural_information_transfer,12104,8.0,2,weight,0.4028835402766419,0.2087114261554226,0.2294949624386077,0.043475053199625066,6.522026281704667,45.99439444265179,2.2382861917074273,0.999997777640301,0.014017740885416666,0.18009285471793215,0.02861857143749047
neural_information_transfer,12104,8.0,2,shuffled,0.40368270915223464,0.20912543084682658,0.2293875068457103,0.043966425917915164,6.531222006081184,46.08672982256009,2.2384591821547857,0.9999819047347308,0.01483154296875,0.180360500967361,0.028764929879465606
neural_information_transfer,12104,8.0,4,restored,0.19106432931517184,0.0989797414692516,0.13743618377635045,2.5689150279274333e-05,6.059402765305299,42.422994413635905,2.1130427515081207,0.999998271209331,0.0250244140625,0.09897971711129394,2.435795768617315e-08
neural_information_transfer,12104,8.0,4,point,0.19103048267544376,0.09896220741848505,0.13741259575779013,2.5138472876114858e-05,6.0593201871338955,42.42259945020959,2.1129940749570744,0.9999989982706968,0.0250244140625,0.09896218554790578,2.1870579251433028e-08
neural_information_transfer,12104,8.0,4,weight,0.19299156221459288,0.09997813303098087,0.13882474083979518,2.431962632835173e-05,6.064838613360078,42.42260602607951,2.1191106749296345,0.9999960754316677,0.025044759114583332,0.09997811934257542,1.36884054636659e-08
neural_information_transfer,12104,8.0,4,shuffled,0.19116414221755118,0.09903144895074861,0.13750829965946176,2.54731959361208e-05,6.0605262217179146,42.431409042423184,2.1133749331921194,0.9999937011948854,0.0252685546875,0.09903131843142723,1.305193213921451e-07
neural_information_transfer,12104,8.0,16,restored,0.0005891189370815816,0.000305189567806705,0.0003909463221265907,2.3708215875564207e-05,5.525929337834626,42.42216533662731,1.5217640778844586,1.0000000000000013,0.025146484375,0.00030515917755949683,3.0390247212813804e-08
neural_information_transfer,12104,8.0,16,point,0.0005262870227243623,0.00027263986760161347,0.00034509321614203915,2.4172751979350843e-05,5.525843187620079,42.42111969803287,1.5217820561787974,1.0000000000000007,0.025105794270833332,0.00027262493626450317,1.493133711588563e-08
neural_information_transfer,12104,8.0,16,shuffled,0.0007104005393534059,0.0003680187818251928,0.0004787033901545169,2.335234091394571e-05,5.526840881135344,42.42795140289536,1.5221466134152455,1.0000000000000013,0.025248209635416664,0.00036783806510134337,1.8071672385479732e-07
neural_information_transfer,12104,8.0,16,weight,0.0006392489019613173,0.00033115909849536657,0.0004260758213460508,2.4384507126216067e-05,5.525976821878771,42.42138078922225,1.521901858169777,1.0000000000000007,0.02508544921875,0.00033112899183386556,3.010666150754883e-08
neural_information_transfer,12104,32.0,2,weight,0.4308589032127386,0.2425949559515621,0.336937438821614,0.0,6.618021069871234,46.97421310534231,2.2383639639919646,0.9999983908572285,0.0,0.2425949559515621,0.0
neural_information_transfer,12104,32.0,2,restored,0.4308589032127386,0.2425949559515621,0.336937438821614,0.0,6.618021069871234,46.97421310534231,2.2383639639919646,0.9999983908572285,0.0,0.2425949559515621,0.0
neural_information_transfer,12104,32.0,2,point,0.4308589032127386,0.2425949559515621,0.336937438821614,0.0,6.618021069871234,46.97421310534231,2.2383639639919646,0.9999983908572285,0.0,0.2425949559515621,0.0
neural_information_transfer,12104,32.0,2,shuffled,0.4308589032127386,0.2425949559515621,0.336937438821614,0.0,6.618021069871234,46.97421310534231,2.2383639639919646,0.9999983908572285,0.0,0.2425949559515621,0.0
neural_information_transfer,12104,32.0,4,point,0.17584926011111568,0.09901186488818417,0.13751647901136688,0.0,6.080486427031528,42.639480234196306,2.1129203873365143,0.9999957155511867,0.0,0.09901186488818417,0.0
neural_information_transfer,12104,32.0,4,shuffled,0.17584926011111568,0.09901186488818417,0.13751647901136688,0.0,6.080486427031528,42.639480234196306,2.1129203873365143,0.9999957155511867,0.0,0.09901186488818417,0.0
neural_information_transfer,12104,32.0,4,restored,0.17584926011111568,0.09901186488818417,0.13751647901136688,0.0,6.080486427031528,42.639480234196306,2.1129203873365143,0.9999957155511867,0.0,0.09901186488818417,0.0
neural_information_transfer,12104,32.0,4,weight,0.17584926011111568,0.09901186488818417,0.13751647901136688,0.0,6.080486427031528,42.639480234196306,2.1129203873365143,0.9999957155511867,0.0,0.09901186488818417,0.0
neural_information_transfer,12104,32.0,16,shuffled,0.000639858268902157,0.0003602719762829592,0.0005003777448374446,0.0,5.547186086791646,42.63942251075532,1.5217498740692008,1.000000000000001,0.0,0.0003602719762829602,0.0
neural_information_transfer,12104,32.0,16,point,0.000639858268902157,0.0003602719762829592,0.0005003777448374446,0.0,5.547186086791646,42.63942251075532,1.5217498740692008,1.000000000000001,0.0,0.0003602719762829602,0.0
neural_information_transfer,12104,32.0,16,restored,0.000639858268902157,0.0003602719762829592,0.0005003777448374446,0.0,5.547186086791646,42.63942251075532,1.5217498740692008,1.000000000000001,0.0,0.0003602719762829602,0.0
neural_information_transfer,12104,32.0,16,weight,0.000639858268902157,0.0003602719762829592,0.0005003777448374446,0.0,5.547186086791646,42.63942251075532,1.5217498740692008,1.000000000000001,0.0,0.0003602719762829602,0.0
neural_information_transfer,12105,0.5,2,restored,0.4512208456270183,0.05124582782514532,0.022271742500877312,0.03521017322451365,8.257379766095706,60.5729635072041,2.216582514943757,0.9998850645612795,0.249755859375,0.04272772036776412,0.008518107457381201
neural_information_transfer,12105,0.5,2,shuffled,0.5782314023443865,0.0656706071423985,0.021976842352085333,0.049847280648897076,8.441075720686538,62.52806908906754,2.195736617147992,0.5869950031896516,0.16019694010416666,0.0505690139947504,0.015101593147648112
neural_information_transfer,12105,0.5,2,point,0.813999758644487,0.09244717278794856,0.02117255808074757,0.0772029309698103,8.705807267962449,65.57736379392637,2.138939085225875,2.8016006949560072e-05,0.08013916015625,0.05820213634105846,0.034245036446890094
neural_information_transfer,12105,0.5,2,weight,0.5060170062939999,0.05746910993241815,0.020740403426220397,0.04253601946553946,8.283418220336902,60.56203695458587,2.246889259737348,0.999995141623756,0.08966064453125,0.03665388179271972,0.020815228139698425
neural_information_transfer,12105,0.5,4,point,0.35422184170329984,0.04022950554646594,0.01487970758518436,0.029516116085133205,8.220601947954279,62.07948264045346,2.0016026523062247,0.5597820507880011,0.3992919921875,0.03750420597417274,0.002725299572293203
neural_information_transfer,12105,0.5,4,restored,0.2592950254139305,0.029448524723662085,0.015129759239899636,0.018555098070934348,8.087101502203339,60.49791933638923,2.0353077217853617,0.9999743434304385,0.4834187825520833,0.028404828196486,0.0010436965271760862
neural_information_transfer,12105,0.5,4,shuffled,0.35175684404675106,0.03994955206754067,0.015642322032261735,0.028687080204312224,8.227129866416442,61.94013564901455,2.024974514613175,0.6326942540569006,0.43998209635416663,0.03805383010904577,0.0018957219584948993
neural_information_transfer,12105,0.5,4,weight,0.3213837690500207,0.03650003641043542,0.015325800971855466,0.02546545971069948,8.111453043326787,60.50421567512938,2.0617440684127613,0.9999628245354605,0.16566975911458331,0.026316011257276468,0.01018402515315895
neural_information_transfer,12105,0.5,16,shuffled,0.03612445288250538,0.0041027082650004175,0.0015415097221921838,0.002992821265022044,7.853221354211636,60.51139828719085,1.7728654120593497,1.0000000000000013,0.6942138671875,0.004101839438710047,8.68826290370415e-07
neural_information_transfer,12105,0.5,16,restored,0.00058189350890046,6.608651807352823e-05,2.069699942371987e-05,5.1184678488448235e-05,7.825020280521968,60.464568792692965,1.7468153324935085,1.0000000000000009,0.6908365885416666,6.607493445854242e-05,1.1583614984596318e-08
neural_information_transfer,12105,0.5,16,point,0.00018500439293572048,2.1011226230262123e-05,4.833260992136461e-06,1.753127831592241e-05,7.824686306205174,60.46320274375539,1.7466005301917502,1.0000000000000013,0.6953125,2.1011085193854933e-05,1.4103640624084322e-10
neural_information_transfer,12105,0.5,16,weight,0.0003101392885438682,3.5222983903695045e-05,9.95144853485268e-06,2.8057940958599388e-05,7.824754501011883,60.46336688225254,1.7466576465331145,1.0000000000000007,0.69305419921875,3.522033307706077e-05,2.650826632969277e-09
neural_information_transfer,12105,2.0,2,shuffled,0.40311236725048194,0.12120778819646379,0.13248050346732876,0.02582182569998706,7.373168536276053,52.00550778228746,2.2195433074337765,0.9967237077553216,0.08056640625,0.11061555327753733,0.010592234918926444
neural_information_transfer,12105,2.0,2,point,0.39694751096087943,0.1193541397943857,0.1302386320701309,0.025582324703891435,7.359573268845578,51.966764714081194,2.20885181656347,0.9999514781469873,0.07936604817708333,0.10889265573243358,0.010461484061952107
neural_information_transfer,12105,2.0,2,restored,0.4027656466147417,0.12110353626872764,0.13565267741747025,0.023433608528149037,7.3679886741154395,51.698980371728105,2.249159567419423,0.9999951488088262,0.08176676432291666,0.11028043475563987,0.010823101513087796
neural_information_transfer,12105,2.0,2,weight,0.4037623616911184,0.12140322846297537,0.13584796275283537,0.023592695280933912,7.3637155944902695,51.652800509383,2.249725397345794,0.9999942420659671,0.07895914713541666,0.11008259962335794,0.011320628839617418
neural_information_transfer,12105,2.0,4,shuffled,0.27915718830732894,0.0839369567960945,0.09083274153825512,0.01853738288855082,7.161283835371344,52.08966613779409,1.9734749856362555,0.994756367505461,0.09798177083333333,0.07851958490708694,0.005417371889007563
neural_information_transfer,12105,2.0,4,point,0.26868061499934137,0.0807868617315334,0.08897705727800598,0.016723380491369108,7.137770663067202,51.910066511733014,1.967984867905355,0.9999053207296043,0.09686279296875,0.07542327709271265,0.005363584638820751
neural_information_transfer,12105,2.0,4,weight,0.3135467841417541,0.09427721719666651,0.10724343959393154,0.017061940689035784,7.209177881011622,51.589490054830584,2.084653817368039,0.9999755064043113,0.08453369140625,0.08669080110186914,0.007586416094797367
neural_information_transfer,12105,2.0,4,restored,0.31152130064627487,0.09366819501213272,0.10777625542815367,0.01606929110386208,7.215611827489578,51.58695510070374,2.0921233885345663,0.9999866141300982,0.09200032552083333,0.08733114384234056,0.006337051169792151
neural_information_transfer,12105,2.0,16,point,0.000304639176380415,9.1598878543259e-05,7.896870492560935e-05,3.474141099682259e-05,6.66429194097369,51.586961171238265,1.4771427705945563,1.000000000000001,0.20810953776041666,9.155714031202642e-05,4.17382312353711e-08
neural_information_transfer,12105,2.0,16,weight,0.00039217319449498305,0.00011791859877407837,0.0001114679371280977,3.766168404185003e-05,6.6642774504271465,51.58709172342535,1.4771115321942383,1.000000000000002,0.20815022786458331,0.00011784731356549022,7.128520859050028e-08
neural_information_transfer,12105,2.0,16,restored,0.0005754362438280819,0.00017302211499540507,0.00017640986573352297,4.6007011667271257e-05,6.664282991689918,51.58640058115894,1.4771975183961092,1.0000000000000007,0.20794677734375,0.0001728780355836037,1.4407941180440624e-07
neural_information_transfer,12105,2.0,16,shuffled,0.0031521546964610667,0.0009477895739520624,0.0010691892256826517,0.000177973331460556,6.66729255033258,51.586452712151285,1.4805485665060183,0.9999999999999999,0.20855712890625,0.0009473163962998027,4.73177652263183e-07
neural_information_transfer,12105,8.0,2,point,0.2395931732283784,0.12802644469101526,0.1773131105278838,0.0003610051109389369,6.415427281026218,42.44954016492996,2.2546255754774194,0.9999948958895355,0.026123046875,0.12800890716687202,1.753752414324723e-05
neural_information_transfer,12105,8.0,2,restored,0.23969472889325277,0.12808071088957554,0.1774414016099155,0.0003229017304363308,6.416159553739371,42.44589201497516,2.2558636486293557,0.9999952109326743,0.026285807291666664,0.12806526315251435,1.5447737061173698e-05
neural_information_transfer,12105,8.0,2,weight,0.23965293985902125,0.12805838094833538,0.17742332210560088,0.00031358903230273055,6.4161960036485635,42.444620296300855,2.256051150684357,0.9999951993982755,0.026224772135416664,0.1280392077807418,1.9173167593589466e-05
neural_information_transfer,12105,8.0,2,shuffled,0.2396599369506828,0.1280621198393753,0.17722709587033272,0.0004586108127357057,6.409104799463161,42.419106056596,2.2510872251101306,0.9999914584466905,0.026611328125,0.12805703523725548,5.084602119799703e-06
neural_information_transfer,12105,8.0,4,weight,0.18514320199139642,0.09893114060923283,0.13736999344542872,2.474532852416086e-05,6.238002365125327,42.11948784292549,2.0948243034185556,0.9999965869863556,0.026468912760416664,0.09893113869936339,1.9098694594999973e-09
neural_information_transfer,12105,8.0,4,restored,0.18513683319794677,0.0989277374489034,0.1373651737033803,2.4812382469561812e-05,6.23797941238171,42.11948117613061,2.094799470162338,0.9999964538510844,0.0264892578125,0.09892773504718118,2.4017222243734675e-09
neural_information_transfer,12105,8.0,4,shuffled,0.18523372550813597,0.09897951178714633,0.1374362488293296,2.5412630029015117e-05,6.2402807832786245,42.142674012992615,2.094688536710342,0.9999911891148345,0.026835123697916664,0.09897951170806019,7.908615360008216e-11
neural_information_transfer,12105,8.0,4,point,0.18514065621895173,0.09892978027750594,0.1373676793899914,2.5051116712152835e-05,6.238023900412745,42.11954435569703,2.0948417999115096,0.9999955281368917,0.0264892578125,0.09892978022863141,4.8874534585939366e-11
neural_information_transfer,12105,8.0,16,point,0.0006112704702764656,0.0003266319486469889,0.0004227889335640842,2.2223916480853434e-05,5.704095723873997,42.11755245697716,1.4994917873718892,1.000000000000002,0.026468912760416664,0.000326630042403767,1.90624322724687e-09
neural_information_transfer,12105,8.0,16,weight,0.00028457341986832656,0.0001520616080516526,0.00019351401602247641,1.2731516515471492e-05,5.703686917244654,42.115860573082635,1.499231135633732,1.0000000000000009,0.0264892578125,0.00015206070361158854,9.044400657914725e-10
neural_information_transfer,12105,8.0,16,restored,0.0005968960400471811,0.0003189509818985742,0.0004136737992285513,2.1105846454021284e-05,5.703974572231014,42.1170198613191,1.499418144514961,1.0000000000000013,0.026468912760416664,0.0003189492096872794,1.7722112986337595e-09
neural_information_transfer,12105,8.0,16,shuffled,0.0006003754190310922,0.00032081018562729716,0.0004269520097702699,1.3404738592708003e-05,5.707494370412509,42.147141116795005,1.4998663147299978,1.0000000000000013,0.027018229166666664,0.00032081024321937025,-5.7592067891277173e-11
neural_information_transfer,12105,32.0,2,weight,0.2228020661512605,0.12952016499339522,0.17988911804638222,0.0,6.453020614634127,42.80868293712271,2.255090106808647,0.9999952463033096,0.0,0.12952016499339522,0.0
neural_information_transfer,12105,32.0,2,point,0.2228020661512605,0.12952016499339522,0.17988911804638222,0.0,6.453020614634127,42.80868293712271,2.255090106808647,0.9999952463033096,0.0,0.12952016499339522,0.0
neural_information_transfer,12105,32.0,2,restored,0.2228020661512605,0.12952016499339522,0.17988911804638222,0.0,6.453020614634127,42.80868293712271,2.255090106808647,0.9999952463033096,0.0,0.12952016499339522,0.0
neural_information_transfer,12105,32.0,2,shuffled,0.2228020661512605,0.12952016499339522,0.17988911804638222,0.0,6.453020614634127,42.80868293712271,2.255090106808647,0.9999952463033096,0.0,0.12952016499339522,0.0
neural_information_transfer,12105,32.0,4,restored,0.17025003566708005,0.09897041392228972,0.13745890822540235,0.0,6.260920682250132,42.34144659234859,2.0947597383825545,0.9999971649036885,0.0,0.0989704139222897,0.0
neural_information_transfer,12105,32.0,4,point,0.17025003566708005,0.09897041392228972,0.13745890822540235,0.0,6.260920682250132,42.34144659234859,2.0947597383825545,0.9999971649036885,0.0,0.0989704139222897,0.0
neural_information_transfer,12105,32.0,4,shuffled,0.17025003566708005,0.09897041392228972,0.13745890822540235,0.0,6.260920682250132,42.34144659234859,2.0947597383825545,0.9999971649036885,0.0,0.0989704139222897,0.0
neural_information_transfer,12105,32.0,4,weight,0.17025003566708005,0.09897041392228972,0.13745890822540235,0.0,6.260920682250132,42.34144659234859,2.0947597383825545,0.9999971649036885,0.0,0.0989704139222897,0.0
neural_information_transfer,12105,32.0,16,shuffled,0.000633085046738091,0.0003680274654755708,0.0005111492576049646,0.0,5.726907435200689,42.337777694898044,1.4995084727519743,1.0,0.0,0.0003680274654755746,0.0
neural_information_transfer,12105,32.0,16,point,0.000633085046738091,0.0003680274654755708,0.0005111492576049646,0.0,5.726907435200689,42.337777694898044,1.4995084727519743,1.0,0.0,0.0003680274654755746,0.0
neural_information_transfer,12105,32.0,16,restored,0.000633085046738091,0.0003680274654755708,0.0005111492576049646,0.0,5.726907435200689,42.337777694898044,1.4995084727519743,1.0,0.0,0.0003680274654755746,0.0
neural_information_transfer,12105,32.0,16,weight,0.000633085046738091,0.0003680274654755708,0.0005111492576049646,0.0,5.726907435200689,42.337777694898044,1.4995084727519743,1.0,0.0,0.0003680274654755746,0.0
neural_information_confirmation,12201,0.5,2,restored,0.433998701789965,0.04988155486166297,0.02224279021475291,0.03386674590704088,8.418547746586485,60.97846866264777,2.237558411027847,0.9999166976787451,0.2954305013020833,0.04240967627518116,0.007471878586481819
neural_information_confirmation,12201,0.5,2,shuffled,0.5491949158625993,0.06312160891809389,0.021696780777007946,0.04749992675864817,8.58382005629303,62.79459038775554,2.208692631228818,0.6048077131158134,0.15061442057291666,0.04936741057106836,0.013754198347025542
neural_information_confirmation,12201,0.5,2,weight,0.4904271776812307,0.05636715056580034,0.020475262689494123,0.04162496142936457,8.444963076045573,61.00332251135038,2.264157368919686,0.9999977556404627,0.09521484375,0.035831813007164134,0.0205353375586362
neural_information_confirmation,12201,0.5,2,point,0.4718166426889822,0.054228152411215994,0.020324748534342033,0.03959433346648973,8.434025571782332,61.01362816531711,2.250721692433495,0.9996375842607141,0.11918131510416666,0.036237765892685465,0.017990386518530525
neural_information_confirmation,12201,0.5,4,weight,0.31683031539749196,0.036414829570127066,0.015150485464212101,0.025506480035894355,8.28125849864628,60.99334261964406,2.082374936258818,0.9999637647501652,0.16621907552083331,0.02591584599396113,0.010498983576165941
neural_information_confirmation,12201,0.5,4,shuffled,0.3568076254504958,0.04100961378585426,0.015825821580634898,0.029615022247797135,8.414654138657866,62.52148509933593,2.051749870157935,0.6184528977637997,0.45648193359375,0.03886867640697465,0.0021409373788796038
neural_information_confirmation,12201,0.5,4,restored,0.25059224985047424,0.028801770621132792,0.01487127410179686,0.01809445326783905,8.254159876517715,60.98099988457184,2.0535410379170815,0.9999776821248626,0.49790445963541663,0.027902131857416402,0.000899638763716391
neural_information_confirmation,12201,0.5,4,point,0.27896669751133396,0.03206298214510073,0.014616403498611985,0.021539171626100098,8.280079742682865,61.23003147511799,2.053223208800317,0.9344340664449946,0.3599853515625,0.02856012579565838,0.0035028563494423426
neural_information_confirmation,12201,0.5,16,point,0.00018523881770839753,2.1290386837384466e-05,5.751325904121027e-06,1.7149432186415834e-05,7.996651314858079,60.95855629738903,1.7683890918100995,1.0000000000000004,0.6979573567708333,2.1289984314263654e-05,4.0252311981025036e-10
neural_information_confirmation,12201,0.5,16,shuffled,0.03889557424218289,0.0044704551244862546,0.001468095404150464,0.0034134264334979196,8.03408343839044,61.09049443987905,1.7947074106573997,0.9999999999999998,0.6783243815104166,0.0038046053777184537,0.0006658497467678002
neural_information_confirmation,12201,0.5,16,weight,0.00041895417473435614,4.8152415123232815e-05,1.5239339391168085e-05,3.71800907615902e-05,7.996854075420585,60.95962729103059,1.7684897491101048,1.000000000000001,0.6948038736979166,4.814417927509542e-05,8.235848136247402e-09
neural_information_confirmation,12201,0.5,16,restored,0.00012673855848007362,1.4566671125600242e-05,4.407875738098085e-06,1.1393000594168074e-05,7.996601130236909,60.95866674990142,1.7683200164373454,1.0000000000000009,0.6965128580729166,1.4565471776120716e-05,1.19934947847059e-09
neural_information_confirmation,12201,2.0,2,point,0.39046684116803704,0.11925505053158754,0.1271337344010675,0.027718761762818935,7.521104425946265,52.576295130832975,2.2226631725202974,0.9999573544539303,0.07023111979166666,0.10387349120946887,0.01538155932211869
neural_information_confirmation,12201,2.0,2,shuffled,0.3947610309542461,0.12056656732623952,0.12780337067299768,0.02854814044168121,7.530802358696981,52.660861055864544,2.2235567110900996,0.9928829724771258,0.06410725911458333,0.1048804691376686,0.015686098188570922
neural_information_confirmation,12201,2.0,2,restored,0.37201544958178434,0.11361968946119712,0.1279093487778906,0.021524958341115886,7.4689660572434216,52.043808255849726,2.2270132639011804,0.9999970216050589,0.06978352864583333,0.10365155152352425,0.009968137937672875
neural_information_confirmation,12201,2.0,2,weight,0.3824286769452716,0.1168000618372862,0.12764454241849876,0.024895991295967083,7.48959354924491,52.28075501815887,2.22220184580646,0.9999981189495497,0.06292724609375,0.10354847036053713,0.013251591476749064
neural_information_confirmation,12201,2.0,4,restored,0.27295361373602467,0.08336456151179483,0.09404050178144305,0.015655400229155812,7.296625062812817,52.16218935306521,2.020483668788593,0.9999950598381168,0.10343424479166666,0.07769106302382389,0.0056734984879709335
neural_information_confirmation,12201,2.0,4,shuffled,0.2720378984536518,0.08308488687426287,0.09053220858174618,0.017901696695405603,7.293418237832653,52.383613909635045,1.9908604385020041,0.9964295503359346,0.09202067057291666,0.07713091173351178,0.005953975140751102
neural_information_confirmation,12201,2.0,4,point,0.2625820455495648,0.08019691253943104,0.08737296113570926,0.017288380521720364,7.287171585788952,52.38105294417332,1.9841803537388405,0.9999225029548311,0.09238688151041666,0.07170948448270667,0.008487428056724365
neural_information_confirmation,12201,2.0,4,weight,0.2683962198960357,0.08197265783297172,0.0919433605296431,0.015773438251628694,7.27831743833071,52.123122266142445,2.0046173344325213,0.9999983616135288,0.09698486328125,0.07558553495842867,0.006387122874543069
neural_information_confirmation,12201,2.0,16,restored,0.00014153091142698763,4.3225888127958865e-05,4.0225862728863245e-05,1.4263266963180556e-05,6.811413338516891,52.02727526082985,1.4940773252789952,1.0000000000000013,0.21207682291666666,4.321631756058474e-05,9.570567377623826e-09
neural_information_confirmation,12201,2.0,16,shuffled,0.0031950782311514457,0.0009758298931825697,0.0010795198807253322,0.00019857557906033407,6.813523050892149,52.01987727025619,1.49730513314429,1.0,0.20792643229166666,0.0009445003172774398,3.132957590513388e-05
neural_information_confirmation,12201,2.0,16,weight,0.0003194988847045397,9.758025937938388e-05,9.831130859528378e-05,2.6796117190782034e-05,6.811563800005983,52.027600723834624,1.4942072067808414,1.0000000000000009,0.21185302734375,9.750813610227699e-05,7.212327710974448e-08
neural_information_confirmation,12201,2.0,16,point,5.744027503392651e-05,1.754321284037351e-05,1.0690132095943546e-05,9.846317731297017e-06,6.811382137042024,52.027330109687036,1.494036004378996,1.0000000000000002,0.21201578776041666,1.754094891068426e-05,2.2639296924927556e-09
neural_information_confirmation,12201,32.0,2,point,0.3877295086317735,0.23013866302315614,0.31963703197660565,0.0,6.807280132776428,45.74333087912166,2.228443060013864,0.9999992089152192,0.0,0.23013866302315614,0.0
neural_information_confirmation,12201,32.0,2,weight,0.3877295086317735,0.23013866302315614,0.31963703197660565,0.0,6.807280132776428,45.74333087912166,2.228443060013864,0.9999992089152192,0.0,0.23013866302315614,0.0
neural_information_confirmation,12201,32.0,2,restored,0.3877295086317735,0.23013866302315614,0.31963703197660565,0.0,6.807280132776428,45.74333087912166,2.228443060013864,0.9999992089152192,0.0,0.23013866302315614,0.0
neural_information_confirmation,12201,32.0,2,shuffled,0.3877295086317735,0.23013866302315614,0.31963703197660565,0.0,6.807280132776428,45.74333087912166,2.228443060013864,0.9999992089152192,0.0,0.23013866302315614,0.0
neural_information_confirmation,12201,32.0,4,restored,0.16622184933028122,0.09866175598834107,0.13703021665047369,0.0,6.376586708801172,42.6739697760504,2.1080540752447146,0.999999228294845,0.0,0.09866175598834107,0.0
neural_information_confirmation,12201,32.0,4,shuffled,0.16622184933028122,0.09866175598834107,0.13703021665047369,0.0,6.376586708801172,42.6739697760504,2.1080540752447146,0.999999228294845,0.0,0.09866175598834107,0.0
neural_information_confirmation,12201,32.0,4,point,0.16622184933028122,0.09866175598834107,0.13703021665047369,0.0,6.376586708801172,42.6739697760504,2.1080540752447146,0.999999228294845,0.0,0.09866175598834107,0.0
neural_information_confirmation,12201,32.0,4,weight,0.16622184933028122,0.09866175598834107,0.13703021665047369,0.0,6.376586708801172,42.6739697760504,2.1080540752447146,0.999999228294845,0.0,0.09866175598834107,0.0
neural_information_confirmation,12201,32.0,16,restored,0.0002214321988498006,0.00013143211713083087,0.00018254460712616074,0.0,5.847124556015374,42.67183752873109,1.51657850110665,1.0000000000000007,0.0,0.00013143211713083575,0.0
neural_information_confirmation,12201,32.0,16,shuffled,0.0002214321988498006,0.00013143211713083087,0.00018254460712616074,0.0,5.847124556015374,42.67183752873109,1.51657850110665,1.0000000000000007,0.0,0.00013143211713083575,0.0
neural_information_confirmation,12201,32.0,16,point,0.0002214321988498006,0.00013143211713083087,0.00018254460712616074,0.0,5.847124556015374,42.67183752873109,1.51657850110665,1.0000000000000007,0.0,0.00013143211713083575,0.0
neural_information_confirmation,12201,32.0,16,weight,0.0002214321988498006,0.00013143211713083087,0.00018254460712616074,0.0,5.847124556015374,42.67183752873109,1.51657850110665,1.0000000000000007,0.0,0.00013143211713083575,0.0
neural_information_confirmation,12202,0.5,2,point,0.48884630372850385,0.05445523471891722,0.02054426665557885,0.03966336272690044,7.956402037722862,61.50058978968968,2.24174271266831,0.9998556835246861,0.114501953125,0.03675769501396296,0.017697539704954256
neural_information_confirmation,12202,0.5,2,weight,0.5086926133103826,0.05666602252347373,0.02065666631152916,0.041793222779172724,7.966674591198208,61.47851193873521,2.2554679572405982,0.9999976703346622,0.08738199869791666,0.036160192718441675,0.02050582980503205
neural_information_confirmation,12202,0.5,2,shuffled,0.5556589234078246,0.06189785392064448,0.021398160216865525,0.0464911785645013,8.072537350587613,63.0437555746266,2.2055740437798868,0.6547425952784015,0.1295166015625,0.04673311954250712,0.015164734378137357
neural_information_confirmation,12202,0.5,2,restored,0.4520946068350885,0.050361264353620296,0.022625604481447077,0.03407082912697839,7.941954756866515,61.45132548862249,2.231011379659381,0.9998612672400585,0.2903035481770833,0.04319564123431561,0.007165623119304687
neural_information_confirmation,12202,0.5,4,restored,0.26622470408203314,0.029656210220243256,0.015142172235778817,0.018753846210482504,7.779656014418459,61.45948558136562,2.0505199217558996,0.9999833861777381,0.48307291666666663,0.02852036006684646,0.0011358501533967908
neural_information_confirmation,12202,0.5,4,point,0.3135410284346224,0.034927031599078256,0.014820385582330942,0.02425635397979998,7.838036879179786,62.20339894246373,2.0357353350033045,0.7929797072396634,0.37249755859375,0.03174657478788413,0.0031804568111941226
neural_information_confirmation,12202,0.5,4,weight,0.3279422031971358,0.036531256374717255,0.01533015155700176,0.025493547253675992,7.803302688344621,61.479029720631,2.0746044506377532,0.9999880990734096,0.16817220052083331,0.026381349114350475,0.010149907260366783
neural_information_confirmation,12202,0.5,4,shuffled,0.34935995317240054,0.03891709542711167,0.015748735956442744,0.027578005538472894,7.896444446950789,62.66016032269252,2.0516274323822974,0.743039376781776,0.43876139322916663,0.03541568208507496,0.0035014133420367176
neural_information_confirmation,12202,0.5,16,restored,0.00046257178608718124,5.152837403822527e-05,1.6776928648940888e-05,3.944898541098616e-05,7.5160411257194735,61.43304946952039,1.761591437580764,1.0000000000000002,0.6902262369791666,5.15162396901296e-05,1.2134348094424806e-08
neural_information_confirmation,12202,0.5,16,shuffled,0.040136274032463705,0.004470996725372504,0.0016387871777195245,0.0032910699574144444,7.5527995277252735,61.50921540353259,1.7941439560030659,1.000000000000001,0.6784871419270833,0.004251899121811443,0.00021909760356106004
neural_information_confirmation,12202,0.5,16,weight,0.0002867506893314778,3.194271077485585e-05,9.578125252320216e-06,2.504646059318351e-05,7.515865300876385,61.43217158401193,1.7614905422061478,1.0000000000000007,0.6917317708333333,3.193998020292667e-05,2.730571927908851e-09
neural_information_confirmation,12202,0.5,16,point,0.00017247496727249476,1.9212919795702296e-05,5.124478501145269e-06,1.5523295274876043e-05,7.515801457926483,61.43179897196903,1.7614596535366414,1.0000000000000004,0.6939697265625,1.9212499582391184e-05,4.202133099418857e-10
neural_information_confirmation,12202,2.0,2,restored,0.39149999169442096,0.11450869576794212,0.12892600571186713,0.021681971655397803,7.066181783834004,52.47076682377479,2.2202452556587504,0.9999981332271801,0.06437174479166666,0.10438191200902515,0.010126783758916987
neural_information_confirmation,12202,2.0,2,shuffled,0.40989870230652475,0.11989008121034142,0.12852490216727386,0.02735215164990424,7.115445558003801,53.01874748289663,2.2162820183300185,0.9963541670829931,0.06258138020833333,0.10502106717654731,0.014869014033794129
neural_information_confirmation,12202,2.0,2,weight,0.40210935826166244,0.11761179858866218,0.1287902369742122,0.024882827967229366,7.0861552293375984,52.71814952947029,2.2159477857946612,0.9999987429924712,0.05718994140625,0.10441223140247463,0.013199567186187557
neural_information_confirmation,12202,2.0,2,point,0.40912161297817623,0.11966279260913544,0.12832791945868172,0.027266690598884608,7.113786363613944,53.00008852770819,2.216437172904074,0.9999735308584572,0.0638427734375,0.10468944296306226,0.014973349646073178
neural_information_confirmation,12202,2.0,4,point,0.2756337948034499,0.08061932828123074,0.08906873593189252,0.016489838410268118,6.873123360893312,52.725822102210365,1.979360593311514,0.9999579955830408,0.092041015625,0.07497733264713013,0.0056419956341006005
neural_information_confirmation,12202,2.0,4,shuffled,0.28731519121493365,0.08403598599822856,0.09084338708711928,0.018628747295502672,6.897546393657058,52.936977069680005,1.9838541166970305,0.998013148249443,0.0958251953125,0.07822032991040381,0.005815656087824758
neural_information_confirmation,12202,2.0,4,weight,0.3226879417490007,0.09438205908969961,0.10719430519712847,0.017202159347767094,6.949345437725974,52.4535057859834,2.092781444869535,0.9999875624807776,0.08074951171875,0.08675808263127982,0.00762397645841977
neural_information_confirmation,12202,2.0,4,restored,0.3224272143614151,0.09430579969318165,0.10816644741690247,0.016425957553011857,6.958811743529204,52.45169701514927,2.1034511160528666,0.999996335333455,0.08797200520833333,0.08778042919663023,0.0065253704965514145
neural_information_confirmation,12202,2.0,16,restored,0.00034720919123589134,0.00010155420814950299,9.976965818695898e-05,2.972005425489487e-05,6.403204522700676,52.451425252119556,1.4885741017008227,1.0000000000000022,0.20660400390625,0.00010150146225634831,5.274589315713467e-08
neural_information_confirmation,12202,2.0,16,shuffled,0.0029819732229570493,0.0008721886891948166,0.0009520211823404618,0.00018673343790968707,6.406145729454228,52.456234760466536,1.4913159085274885,1.0000000000000013,0.2064208984375,0.0008719383327476004,2.5035644721961246e-07
neural_information_confirmation,12202,2.0,16,point,7.03744734921386e-07,2.0583625404596002e-07,1.6401310962654177e-07,8.77468151171577e-08,6.402991949606093,52.44997136811676,1.4884940111268408,1.0000000000000009,0.20676676432291666,2.058963170951157e-07,-6.00630466811771e-11
neural_information_confirmation,12202,2.0,16,weight,0.0002810772542127981,8.221146991763904e-05,7.689298134825629e-05,2.6848523346897937e-05,6.40325666591345,52.45171003612847,1.4886014156473253,1.0000000000000004,0.20682779947916666,8.217886632959847e-05,3.26035880442194e-08
neural_information_confirmation,12202,32.0,2,point,0.3946623555978879,0.22079666494546563,0.30666203464647995,0.0,6.452140452196512,46.09241942902654,2.2214162706650717,0.9999969829113431,0.0,0.2207966649454656,0.0
neural_information_confirmation,12202,32.0,2,weight,0.3946623555978879,0.22079666494546563,0.30666203464647995,0.0,6.452140452196512,46.09241942902654,2.2214162706650717,0.9999969829113431,0.0,0.2207966649454656,0.0
neural_information_confirmation,12202,32.0,2,restored,0.3946623555978879,0.22079666494546563,0.30666203464647995,0.0,6.452140452196512,46.09241942902654,2.2214162706650717,0.9999969829113431,0.0,0.2207966649454656,0.0
neural_information_confirmation,12202,32.0,2,shuffled,0.3946623555978879,0.22079666494546563,0.30666203464647995,0.0,6.452140452196512,46.09241942902654,2.2214162706650717,0.9999969829113431,0.0,0.2207966649454656,0.0
neural_information_confirmation,12202,32.0,4,restored,0.17844850668930062,0.09983428767054937,0.13865873287576302,0.0,6.049516709597537,42.99327462641033,2.1065865887812576,0.9999843087471447,0.0,0.09983428767054937,0.0
neural_information_confirmation,12202,32.0,4,point,0.17844850668930062,0.09983428767054937,0.13865873287576302,0.0,6.049516709597537,42.99327462641033,2.1065865887812576,0.9999843087471447,0.0,0.09983428767054937,0.0
neural_information_confirmation,12202,32.0,4,shuffled,0.17844850668930062,0.09983428767054937,0.13865873287576302,0.0,6.049516709597537,42.99327462641033,2.1065865887812576,0.9999843087471447,0.0,0.09983428767054937,0.0
neural_information_confirmation,12202,32.0,4,weight,0.17844850668930062,0.09983428767054937,0.13865873287576302,0.0,6.049516709597537,42.99327462641033,2.1065865887812576,0.9999843087471447,0.0,0.09983428767054937,0.0
neural_information_confirmation,12202,32.0,16,shuffled,0.00020574169512923863,0.00011510365627839918,0.00015986618927555648,0.0,5.511167747041819,42.99019937071781,1.5111089814779124,1.0000000000000007,0.0,0.00011510365627840068,0.0
neural_information_confirmation,12202,32.0,16,restored,0.00020574169512923863,0.00011510365627839918,0.00015986618927555648,0.0,5.511167747041819,42.99019937071781,1.5111089814779124,1.0000000000000007,0.0,0.00011510365627840068,0.0
neural_information_confirmation,12202,32.0,16,point,0.00020574169512923863,0.00011510365627839918,0.00015986618927555648,0.0,5.511167747041819,42.99019937071781,1.5111089814779124,1.0000000000000007,0.0,0.00011510365627840068,0.0
neural_information_confirmation,12202,32.0,16,weight,0.00020574169512923863,0.00011510365627839918,0.00015986618927555648,0.0,5.511167747041819,42.99019937071781,1.5111089814779124,1.0000000000000007,0.0,0.00011510365627840068,0.0
neural_information_confirmation,12203,0.5,2,shuffled,0.5995531307121671,0.06600180175173415,0.02115851330371548,0.050767672173059,7.894578066043883,61.9916311099851,2.1855503359005604,0.6601182321058852,0.09956868489583333,0.04639209837108169,0.019609703380652446
neural_information_confirmation,12203,0.5,2,restored,0.46208938694353274,0.05086910658343176,0.02237910763893447,0.03475614908339893,7.732160957409413,60.03479208225086,2.212504069470681,0.9999354589019628,0.27166748046875,0.04240903745753939,0.008460069125892365
neural_information_confirmation,12203,0.5,2,point,0.4959003418136664,0.05459118528849105,0.02058559272999939,0.03976955852289149,7.74501042804294,60.07834555881421,2.2221132522989295,0.9992314280291011,0.11079915364583333,0.03661754005480128,0.017973645233689776
neural_information_confirmation,12203,0.5,2,weight,0.5151509027109821,0.05671038313580293,0.02070093774300193,0.04180570796084153,7.7550744526164115,60.05964390204182,2.2352130073464154,0.9999822863440947,0.08669026692708333,0.036077302982546,0.020633080153256923
neural_information_confirmation,12203,0.5,4,shuffled,0.3368455923685584,0.03708164442748672,0.015423966799617196,0.025976388331762336,7.634253334101825,60.637047479409624,2.040706097714416,0.8584979471996874,0.31955973307291663,0.032717432541490246,0.004364211885996463
neural_information_confirmation,12203,0.5,4,point,0.31365091520326827,0.03452825857135664,0.014874304488000626,0.023818759339996193,7.620390917395371,60.71198700599836,2.0174721398936795,0.8106232753797783,0.3642578125,0.03132524635338241,0.0032030122179742366
neural_information_confirmation,12203,0.5,4,weight,0.33260454779445753,0.036614769068387884,0.01537089213276983,0.025547726732793603,7.590979884252205,60.04883291972099,2.0549419525738535,0.9999634124904495,0.16035970052083331,0.026279297513967993,0.01033547155441989
neural_information_confirmation,12203,0.5,4,restored,0.2713380109401819,0.02987024283321005,0.0152493832256668,0.018890686910729947,7.569680705390086,60.03964265070755,2.0323648833606316,0.9999857277126635,0.47629801432291663,0.02870393145539975,0.0011663113778102982
neural_information_confirmation,12203,0.5,16,restored,0.0005023864983717811,5.530521378296474e-05,1.7436346350854413e-05,4.275104441034808e-05,7.30499478097013,60.01738402276375,1.7420948636850269,0.9999999999999993,0.6891072591145833,5.5298584702167486e-05,6.629080796361812e-09
neural_information_confirmation,12203,0.5,16,point,0.0002703530780685196,2.9761816505660063e-05,8.381794992783679e-06,2.3726924110854072e-05,7.304803631193073,60.016157256543224,1.7420130056837857,1.0000000000000007,0.6920572916666666,2.976122160460503e-05,5.949010538375674e-10
neural_information_confirmation,12203,0.5,16,shuffled,0.036224755106571076,0.003987801885395948,0.0015096208336553747,0.0029008748851640774,7.331910155699664,60.03734234778744,1.7697444371824398,1.0000000000000009,0.6961873372395833,0.0039869798745075435,8.220108884044155e-07
neural_information_confirmation,12203,0.5,16,weight,0.00031844025140881317,3.505549261045722e-05,1.064126211243338e-05,2.7393783889503635e-05,7.304826785774736,60.016550837352916,1.7419970680508323,0.9999999999999994,0.6903279622395833,3.5052681780005474e-05,2.8108304507465363e-09
neural_information_confirmation,12203,2.0,2,point,0.41085672324794154,0.11825614971539838,0.12813609979932633,0.025998157859883388,6.91672346948609,51.641166773191735,2.1968159575430657,0.9999642473659763,0.06416829427083333,0.10410115653874974,0.014154993176648648
neural_information_confirmation,12203,2.0,2,weight,0.4037188407729953,0.11620166587505784,0.1285060110114688,0.023677337946800298,6.890486438653831,51.37399438615288,2.1960055729393564,0.9999951329541289,0.05891927083333333,0.1038419682079236,0.012359697667134234
neural_information_confirmation,12203,2.0,2,shuffled,0.42817563434733047,0.12324102066429377,0.12882390134455657,0.030487811696213007,6.962097587588066,52.09178333100597,2.1994235995512517,0.9975194012661576,0.06221516927083333,0.10592283882948017,0.017318181834813585
neural_information_confirmation,12203,2.0,2,restored,0.39561293901133654,0.1138685587891442,0.12856706584581068,0.021300271380160496,6.877996976654803,51.202269467351776,2.2003207165029774,0.9999957010692622,0.06502278645833333,0.10387922346455744,0.00998933532458677
neural_information_confirmation,12203,2.0,4,shuffled,0.2948048363614879,0.08485314440029015,0.09170293113363734,0.018827033984071272,6.717678494915272,51.70699938669827,1.9698176396690765,0.9989930649819557,0.09285481770833333,0.07901482560252493,0.005838318797765243
neural_information_confirmation,12203,2.0,4,restored,0.2928178636920509,0.08428123764014314,0.09486332781859419,0.015979641610755338,6.7081265701157315,51.390275438926516,1.9926825194531108,0.9999935191653594,0.09102376302083333,0.07868366057944136,0.0055975770607018015
neural_information_confirmation,12203,2.0,4,point,0.2753227873385549,0.07924566136385372,0.087930187599837,0.015935926291971082,6.68496160243351,51.45202701060273,1.960556049236705,0.9999903611927861,0.08534749348958333,0.0717539489518253,0.007491712412028437
neural_information_confirmation,12203,2.0,4,weight,0.2901146594683997,0.08350317924339523,0.09404492688359241,0.015790831887208666,6.694066442964487,51.30035701133737,1.986627951133503,0.9999978406202127,0.08707682291666666,0.07710888803077334,0.006394291212621873
neural_information_confirmation,12203,2.0,16,weight,0.0004437102134265302,0.00012771231054567393,0.00012512328768967242,3.762354340911207e-05,6.218757984126094,51.18512640392987,1.4733193735611068,0.9999999999999999,0.20379638671875,0.00012757392628185636,1.3838426382029318e-07
neural_information_confirmation,12203,2.0,16,shuffled,0.0035663131186941814,0.0010264854734816644,0.0011068155874919296,0.00022957825048747763,6.222793623461119,51.19376080697032,1.476869691274319,1.0000000000000007,0.20640055338541666,0.0010260640920002717,4.213814813957406e-07
neural_information_confirmation,12203,2.0,16,restored,0.0004687634382841588,0.00013492333507557886,0.0001337590682481661,3.861680593690153e-05,6.218739770912391,51.18479466317679,1.4733342478691054,1.0,0.20381673177083331,0.00013480204884729012,1.212862282913356e-07
neural_information_confirmation,12203,2.0,16,point,0.0005399613928612733,0.00015541611394345777,0.00015704669493974322,4.2342493586844976e-05,6.218765072581313,51.184321256161525,1.473412179793226,1.000000000000002,0.20357259114583331,0.0001552927992750662,1.2331466839436282e-07
neural_information_confirmation,12203,32.0,2,point,0.39236287772340717,0.21371291607341997,0.29682349454641654,0.0,6.2793813462181225,44.92584552708339,2.2009015905586566,0.9999982413325916,0.0,0.21371291607341994,0.0
neural_information_confirmation,12203,32.0,2,restored,0.39236287772340717,0.21371291607341997,0.29682349454641654,0.0,6.2793813462181225,44.92584552708339,2.2009015905586566,0.9999982413325916,0.0,0.21371291607341994,0.0
neural_information_confirmation,12203,32.0,2,weight,0.39236287772340717,0.21371291607341997,0.29682349454641654,0.0,6.2793813462181225,44.92584552708339,2.2009015905586566,0.9999982413325916,0.0,0.21371291607341994,0.0
neural_information_confirmation,12203,32.0,2,shuffled,0.39236287772340717,0.21371291607341997,0.29682349454641654,0.0,6.2793813462181225,44.92584552708339,2.2009015905586566,0.9999982413325916,0.0,0.21371291607341994,0.0
neural_information_confirmation,12203,32.0,4,point,0.1827496953088727,0.09954043186399593,0.13825059981110543,0.0,5.900828736816164,42.04350326132166,2.086581573771185,0.9999912961539621,0.0,0.09954043186399593,0.0
neural_information_confirmation,12203,32.0,4,restored,0.1827496953088727,0.09954043186399593,0.13825059981110543,0.0,5.900828736816164,42.04350326132166,2.086581573771185,0.9999912961539621,0.0,0.09954043186399593,0.0
neural_information_confirmation,12203,32.0,4,weight,0.1827496953088727,0.09954043186399593,0.13825059981110543,0.0,5.900828736816164,42.04350326132166,2.086581573771185,0.9999912961539621,0.0,0.09954043186399593,0.0
neural_information_confirmation,12203,32.0,4,shuffled,0.1827496953088727,0.09954043186399593,0.13825059981110543,0.0,5.900828736816164,42.04350326132166,2.086581573771185,0.9999912961539621,0.0,0.09954043186399593,0.0
neural_information_confirmation,12203,32.0,16,weight,0.0006472132759107067,0.0003525252881181436,0.0004896184557196478,0.0,5.365624821299724,42.03448283079491,1.4958479031586671,1.0000000000000007,0.0,0.00035252528811814655,0.0
neural_information_confirmation,12203,32.0,16,point,0.0006472132759107067,0.0003525252881181436,0.0004896184557196478,0.0,5.365624821299724,42.03448283079491,1.4958479031586671,1.0000000000000007,0.0,0.00035252528811814655,0.0
neural_information_confirmation,12203,32.0,16,shuffled,0.0006472132759107067,0.0003525252881181436,0.0004896184557196478,0.0,5.365624821299724,42.03448283079491,1.4958479031586671,1.0000000000000007,0.0,0.00035252528811814655,0.0
neural_information_confirmation,12203,32.0,16,restored,0.0006472132759107067,0.0003525252881181436,0.0004896184557196478,0.0,5.365624821299724,42.03448283079491,1.4958479031586671,1.0000000000000007,0.0,0.00035252528811814655,0.0
neural_information_confirmation,12204,0.5,2,point,0.4736572812360851,0.054159219187950525,0.02037354818978302,0.03949026449130674,8.297015303791026,59.98238880235789,2.2503762989136913,0.999741492885379,0.12209065755208333,0.03643637651619793,0.017722842671752587
neural_information_confirmation,12204,0.5,2,shuffled,0.625777195413759,0.07155301022880745,0.021518201188771596,0.056059905372891884,8.523455159223687,62.513283095575595,2.207219493912814,0.5193733044153082,0.13450113932291666,0.05146503161825945,0.020087978610547987
neural_information_confirmation,12204,0.5,2,restored,0.43981129175733774,0.05028917974080248,0.022177153605248218,0.03432162914502375,8.283291919475849,59.940891099214426,2.2399022145105225,0.9998413695968584,0.288818359375,0.04223880745967197,0.008050372281130497
neural_information_confirmation,12204,0.5,2,weight,0.49251169752072643,0.05631508273037496,0.02048908322809369,0.04156294280614749,8.3071646081519,59.962732076283544,2.2640125918365275,0.9999954055564723,0.09743245442708333,0.0358809286639034,0.020434154066471553
neural_information_confirmation,12204,0.5,4,restored,0.25711070014692994,0.029398713619445876,0.014965625932243782,0.018623462948230345,8.120313778434506,59.9428392569674,2.0576294505668717,0.9999780173344529,0.4895833333333333,0.028195640306247605,0.001203073313198272
neural_information_confirmation,12204,0.5,4,shuffled,0.34654938033540367,0.039625367523229524,0.015270091608269542,0.02863090156527546,8.23873732588985,61.04858738387319,2.0605465228151707,0.746103810009125,0.3465779622395833,0.034701981525019854,0.004923385998209675
neural_information_confirmation,12204,0.5,4,point,0.30043441258007964,0.034352460834266345,0.014647604357056726,0.0238061856971855,8.175493148628366,60.586136079228815,2.0440053337312882,0.8310774690249101,0.3817342122395833,0.030924181854267808,0.003428278979998538
neural_information_confirmation,12204,0.5,4,weight,0.3138401547850108,0.0358853086531773,0.015098544574407043,0.02501435655960423,8.141283702406337,59.96022918121476,2.0790181964317487,0.9999845561555738,0.1744384765625,0.025958290701301873,0.009927017951875427
neural_information_confirmation,12204,0.5,16,restored,0.00011769678526878322,1.3457759953471507e-05,4.8023728674388705e-06,1.0000051488913823e-05,7.859096353747496,59.921185605843746,1.7683856122287362,1.0000000000000009,0.6965128580729166,1.3437980654300598e-05,1.9779299169651975e-08
neural_information_confirmation,12204,0.5,16,shuffled,0.026641566778128484,0.0030462668089502104,0.0011261382302881094,0.00223544728314277,7.881935988549749,59.942479948697645,1.7914060297541528,0.9999999999999997,0.692138671875,0.003045088884914244,1.1779240359653978e-06
neural_information_confirmation,12204,0.5,16,weight,0.0002876913192440123,3.289538202969375e-05,9.53114662741439e-06,2.6032956457953573e-05,7.85921954202543,59.92165156237904,1.768468700266036,1.0000000000000007,0.6957600911458333,3.289279564123728e-05,2.586388455140486e-09
neural_information_confirmation,12204,0.5,16,point,0.00039633519720762896,4.531800875403131e-05,1.281601266697301e-05,3.6090479633809e-05,7.859355487096625,59.92219369769843,1.7685571253981864,1.000000000000001,0.6976114908854166,4.531679441349854e-05,1.2143405314580463e-09
neural_information_confirmation,12204,2.0,2,weight,0.3851076658348167,0.11672209923456617,0.1275350429708919,0.024896868295523986,7.372217740902011,51.386434902720644,2.2230224416328004,0.999991878016411,0.0665283203125,0.10350266072707084,0.013219438507495327
neural_information_confirmation,12204,2.0,2,point,0.39196744471526906,0.11880122635211043,0.12731423750397322,0.02713497534924968,7.39755123171253,51.6196845212288,2.2240319567732123,0.9999175925107918,0.07200113932291666,0.10394463379384702,0.014856592558263399
neural_information_confirmation,12204,2.0,2,shuffled,0.39654949370842324,0.12018999740167449,0.1278319039573903,0.028151026552353454,7.406889191565528,51.69477983482358,2.225677005593972,0.9983295763322669,0.06772867838541666,0.10460101034446201,0.015588987057212497
neural_information_confirmation,12204,2.0,2,restored,0.3745192906309627,0.11351287363112886,0.12779881124544534,0.021497729534408205,7.3486387298811735,51.126544512445484,2.2270893487194363,0.9999904657011012,0.07253011067708333,0.10350975721132549,0.010003116419803367
neural_information_confirmation,12204,2.0,4,restored,0.2709329341649975,0.08211693412793128,0.09177663204678443,0.01603775905424648,7.166004756486313,51.31096960454771,2.001513368480221,0.9999872505126248,0.10205078125,0.07649109361541329,0.0056258405125180055
neural_information_confirmation,12204,2.0,4,weight,0.2693110258876815,0.08162535071973333,0.09095959528777832,0.016134442112532923,7.154751019091734,51.267401019364264,1.99404012459571,0.9999915629372731,0.09328206380208333,0.07534140781355805,0.0062839429061752675
neural_information_confirmation,12204,2.0,4,shuffled,0.2877235784499256,0.08720600251660966,0.08815271732093022,0.023736046045539895,7.226377243757964,52.05000088022064,1.982489995314418,0.9987879412228697,0.08058675130208333,0.0737185572976374,0.013487445218972247
neural_information_confirmation,12204,2.0,4,point,0.26320903692977504,0.0797759017893179,0.08669499904314143,0.01735550247825606,7.16508194322075,51.4907686474298,1.9794480200940305,0.9999625161322905,0.09122721354166666,0.07110911222093233,0.008666789568385572
neural_information_confirmation,12204,2.0,16,point,0.00019545464316543038,5.9240254815383456e-05,5.439775389173654e-05,2.007387201333598e-05,6.689874369654204,51.102271524091215,1.4940962460508562,1.0000000000000016,0.21193440755208331,5.9183321697169783e-05,5.6933118216454626e-08
neural_information_confirmation,12204,2.0,16,weight,0.00016250862587886375,4.9254662109067876e-05,3.944652969403813e-05,2.0853160729363702e-05,6.689844897670303,51.10293811933906,1.4939853416037925,0.999999999999998,0.21187337239583331,4.923077573153958e-05,2.3886377531538603e-08
neural_information_confirmation,12204,2.0,16,restored,0.00019663556755887117,5.959818062800242e-05,5.328221945431408e-05,2.123498262089901e-05,6.689848919732913,51.10249254160904,1.4940419620604677,1.0000000000000009,0.2115478515625,5.956592477091965e-05,3.2255857085489254e-08
neural_information_confirmation,12204,2.0,16,shuffled,0.002498852530802286,0.000757376024807455,0.0008052512406918014,0.00017759513150936054,6.691126565016493,51.098090956598924,1.4959840168875425,1.0000000000000002,0.20790608723958331,0.0007103312688167006,4.70447559907572e-05
neural_information_confirmation,12204,32.0,2,point,0.38150942853253017,0.22283374474606343,0.3094913121473103,0.0,6.699147073382919,44.91522790335664,2.2282720594590804,0.9999947572112161,0.0,0.22283374474606343,0.0
neural_information_confirmation,12204,32.0,2,weight,0.38150942853253017,0.22283374474606343,0.3094913121473103,0.0,6.699147073382919,44.91522790335664,2.2282720594590804,0.9999947572112161,0.0,0.22283374474606343,0.0
neural_information_confirmation,12204,32.0,2,restored,0.38150942853253017,0.22283374474606343,0.3094913121473103,0.0,6.699147073382919,44.91522790335664,2.2282720594590804,0.9999947572112161,0.0,0.22283374474606343,0.0
neural_information_confirmation,12204,32.0,2,shuffled,0.38150942853253017,0.22283374474606343,0.3094913121473103,0.0,6.699147073382919,44.91522790335664,2.2282720594590804,0.9999947572112161,0.0,0.22283374474606343,0.0
neural_information_confirmation,12204,32.0,4,weight,0.16777075056329702,0.09799229536915495,0.13610041023493738,0.0,6.27975661834064,41.97856995441864,2.1033751290639935,0.9999992297309346,0.0,0.09799229536915494,0.0
neural_information_confirmation,12204,32.0,4,point,0.16777075056329702,0.09799229536915495,0.13610041023493738,0.0,6.27975661834064,41.97856995441864,2.1033751290639935,0.9999992297309346,0.0,0.09799229536915494,0.0
neural_information_confirmation,12204,32.0,4,restored,0.16777075056329702,0.09799229536915495,0.13610041023493738,0.0,6.27975661834064,41.97856995441864,2.1033751290639935,0.9999992297309346,0.0,0.09799229536915494,0.0
neural_information_confirmation,12204,32.0,4,shuffled,0.16777075056329702,0.09799229536915495,0.13610041023493738,0.0,6.27975661834064,41.97856995441864,2.1033751290639935,0.9999992297309346,0.0,0.09799229536915494,0.0
neural_information_confirmation,12204,32.0,16,restored,0.0003196866999369355,0.00018672404707393566,0.0002593389542693537,0.0,5.75387488062387,41.97176961552438,1.5167663883216291,1.0000000000000002,0.0,0.0001867240470739347,0.0
neural_information_confirmation,12204,32.0,16,weight,0.0003196866999369355,0.00018672404707393566,0.0002593389542693537,0.0,5.75387488062387,41.97176961552438,1.5167663883216291,1.0000000000000002,0.0,0.0001867240470739347,0.0
neural_information_confirmation,12204,32.0,16,shuffled,0.0003196866999369355,0.00018672404707393566,0.0002593389542693537,0.0,5.75387488062387,41.97176961552438,1.5167663883216291,1.0000000000000002,0.0,0.0001867240470739347,0.0
neural_information_confirmation,12204,32.0,16,point,0.0003196866999369355,0.00018672404707393566,0.0002593389542693537,0.0,5.75387488062387,41.97176961552438,1.5167663883216291,1.0000000000000002,0.0,0.0001867240470739347,0.0
neural_information_confirmation,12205,0.5,2,restored,0.4465041520247599,0.05086749582793254,0.022334965025394317,0.03478632100964863,8.27325460674517,60.35969272748952,2.2272538875525036,0.9998809269949989,0.25809733072916663,0.04301003227820549,0.007857463549727056
neural_information_confirmation,12205,0.5,2,shuffled,0.7819576145743632,0.0890836636492818,0.021246543568453208,0.07378615227999548,8.698499761206016,65.04721815553624,2.1577493426815813,0.10997687321762672,0.10154215494791666,0.05714869430530885,0.03193496934397294
neural_information_confirmation,12205,0.5,2,weight,0.5048077521269019,0.057509669526654816,0.020702683716617907,0.04260373725068992,8.30126203207696,60.349750467537326,2.2596663717210688,0.9999836462708872,0.09151204427083333,0.03660154858758846,0.020908120939066355
neural_information_confirmation,12205,0.5,2,point,0.4793051443976664,0.0546043129104047,0.020402673407139152,0.03991438805726452,8.283427531050206,60.334037910428954,2.241585563307606,0.9992157101767943,0.11649576822916666,0.036393301708651724,0.01821101120175298
neural_information_confirmation,12205,0.5,4,point,0.2816319894275688,0.03208461552318283,0.014729793965302208,0.021479163868165233,8.124522597341722,60.48899333759761,2.046248881987768,0.9539567729166792,0.3601277669270833,0.028423390244236325,0.003661225278946501
neural_information_confirmation,12205,0.5,4,shuffled,0.619856590563199,0.07061648226877307,0.014832820089407396,0.059936851804399734,8.56071918347992,65.24391208916174,1.981144203147371,0.07629128797585481,0.3599853515625,0.04758857677540669,0.02302790549336637
neural_information_confirmation,12205,0.5,4,weight,0.3202347490517507,0.03648239257682345,0.015247949618697482,0.025503868851361265,8.128362678516357,60.29374675907303,2.0731982048604602,0.9999657828402961,0.17018636067708331,0.02618116541263803,0.010301227164185427
neural_information_confirmation,12205,0.5,4,restored,0.2572384559601651,0.02930560897586435,0.014992575892656271,0.018510954333151832,8.10319122467843,60.280422508592125,2.0466515715592903,0.999962158534679,0.4886067708333333,0.028230303745150037,0.0010753052307143117
neural_information_confirmation,12205,0.5,16,restored,0.000630117018414697,7.178539025890511e-05,2.2775078882901104e-05,5.5387333463214795e-05,7.842683871016128,60.2628413362857,1.7579462469821119,0.9999999999999997,0.691650390625,7.176824576001138e-05,1.714449889277935e-08
neural_information_confirmation,12205,0.5,16,shuffled,0.03437088989491356,0.003915665935923688,0.0015141925249023986,0.0028254473179939593,7.871732218783789,60.293730105247555,1.786780965477641,1.000000000000001,0.6957804361979166,0.003914071013173233,1.5949227504531157e-06
neural_information_confirmation,12205,0.5,16,point,0.00043512212586932703,4.9570810981107655e-05,1.2256594978478887e-05,4.0746062596601526e-05,7.84252530786542,60.26225040512607,1.7578378715076441,1.0000000000000007,0.6962076822916666,4.957000566603075e-05,8.053150762063335e-10
neural_information_confirmation,12205,0.5,16,weight,0.00046232601301272403,5.2669983988783425e-05,1.6397572440637317e-05,4.086373183152323e-05,7.842503588750305,60.26186640478366,1.7578582046548799,1.0000000000000007,0.6928507486979166,5.2661723351404155e-05,8.260637378514487e-09
neural_information_confirmation,12205,2.0,2,weight,0.4044917280679018,0.12207413206409845,0.13631442944096805,0.02392774286660144,7.381141644093056,51.46571960096519,2.263967200052857,0.9999883639337899,0.07963053385416666,0.11057615791523528,0.011497974148863166
neural_information_confirmation,12205,2.0,2,shuffled,0.4038881083090136,0.12189196181672408,0.13324215974803702,0.02595760679813741,7.388660681433599,51.78610753046157,2.235169575797111,0.9981548189949228,0.08099365234375,0.11110352202315166,0.010788439793572416
neural_information_confirmation,12205,2.0,2,point,0.396483125715723,0.11965716500803887,0.13064941957883558,0.02558958291127725,7.373122513529749,51.74505404067614,2.222593131904583,0.9999537354663124,0.0806884765625,0.10895388212947402,0.010703282878564858
neural_information_confirmation,12205,2.0,2,restored,0.40395336349510375,0.12191165559449968,0.13630389115951153,0.02377285395965136,7.385266607358794,51.49627593301988,2.2650241079768816,0.9999844502509603,0.08184814453125,0.11078786815555955,0.011123787438940127
neural_information_confirmation,12205,2.0,4,point,0.2636653042419105,0.07957322965414144,0.08746546805574358,0.016598092654006056,7.149765091868003,51.71903106848751,1.9763298586146216,0.9998525931023612,0.09261067708333333,0.07162729366583778,0.007945935988303666
neural_information_confirmation,12205,2.0,4,weight,0.27910574065953764,0.08423309719550268,0.09470334239822087,0.01604669066878367,7.159222382488059,51.50575818269871,2.011640842736086,0.9999836284386244,0.09407552083333333,0.07767643310623676,0.006556664089265936
neural_information_confirmation,12205,2.0,4,shuffled,0.2848294131763826,0.08596048073941459,0.08993518738466066,0.02120714582245891,7.211132477680247,52.24633604422622,1.9836129356234107,0.9946513232253265,0.08343505859375,0.07565778958745453,0.010302691151960057
neural_information_confirmation,12205,2.0,4,restored,0.27819366720338634,0.08395783674439233,0.09497912299410272,0.015572868188638376,7.167901327453304,51.54268595404982,2.0170407686167606,0.9999786606758703,0.10205078125,0.07830199692213455,0.0056558398222577785
neural_information_confirmation,12205,2.0,16,point,0.000312076023068064,9.418340848654947e-05,8.608400244449812e-05,3.220292672651335e-05,6.677836703370909,51.4085691112088,1.485659045131416,1.0000000000000007,0.21036783854166666,9.413539468467925e-05,4.80138018731819e-08
neural_information_confirmation,12205,2.0,16,restored,0.000659245104188008,0.000198957774231041,0.00020133791603153692,5.399447468833763e-05,6.677958213222909,51.408777834862,1.4857704315285625,1.0000000000000018,0.21006266276041666,0.000198830550755834,1.2722347521091385e-07
neural_information_confirmation,12205,2.0,16,shuffled,0.00384547326482982,0.0011605498421984833,0.0013265301536593173,0.00020544813156377867,6.6807650899073225,51.40784824184633,1.4890110237694434,1.0000000000000007,0.20878092447916666,0.0011594151450536887,1.1346971447991226e-06
neural_information_confirmation,12205,2.0,16,weight,0.00041113584024548303,0.00012407930094922973,0.0001185634500843308,3.8713616888515124e-05,6.677841521841523,51.40886574979465,1.4856299902044572,0.9999999999999997,0.210205078125,0.00012401060420950244,6.869673973148453e-08
neural_information_confirmation,12205,32.0,2,point,0.2240585129622087,0.1305605406826357,0.18133408428143843,0.0,6.46430466481905,42.58743360347384,2.271265719896177,0.9999937964921981,0.0,0.1305605406826357,0.0
neural_information_confirmation,12205,32.0,2,weight,0.2240585129622087,0.1305605406826357,0.18133408428143843,0.0,6.46430466481905,42.58743360347384,2.271265719896177,0.9999937964921981,0.0,0.1305605406826357,0.0
neural_information_confirmation,12205,32.0,2,restored,0.2240585129622087,0.1305605406826357,0.18133408428143843,0.0,6.46430466481905,42.58743360347384,2.271265719896177,0.9999937964921981,0.0,0.1305605406826357,0.0
neural_information_confirmation,12205,32.0,2,shuffled,0.2240585129622087,0.1305605406826357,0.18133408428143843,0.0,6.46430466481905,42.58743360347384,2.271265719896177,0.9999937964921981,0.0,0.1305605406826357,0.0
neural_information_confirmation,12205,32.0,4,shuffled,0.17103401844035995,0.09966277838532145,0.13842052553516862,0.0,6.275539079730915,42.200407763932894,2.105513450447525,0.9999869027645518,0.0,0.09966277838532145,0.0
neural_information_confirmation,12205,32.0,4,weight,0.17103401844035995,0.09966277838532145,0.13842052553516862,0.0,6.275539079730915,42.200407763932894,2.105513450447525,0.9999869027645518,0.0,0.09966277838532145,0.0
neural_information_confirmation,12205,32.0,4,restored,0.17103401844035995,0.09966277838532145,0.13842052553516862,0.0,6.275539079730915,42.200407763932894,2.105513450447525,0.9999869027645518,0.0,0.09966277838532145,0.0
neural_information_confirmation,12205,32.0,4,point,0.17103401844035995,0.09966277838532145,0.13842052553516862,0.0,6.275539079730915,42.200407763932894,2.105513450447525,0.9999869027645518,0.0,0.09966277838532145,0.0
neural_information_confirmation,12205,32.0,16,shuffled,0.0006693650052215953,0.00039004390344457487,0.0005417276436730302,0.0,5.740608747298293,42.20183702667226,1.5083244838069296,1.0000000000000002,0.0,0.0003900439034445818,0.0
neural_information_confirmation,12205,32.0,16,point,0.0006693650052215953,0.00039004390344457487,0.0005417276436730302,0.0,5.740608747298293,42.20183702667226,1.5083244838069296,1.0000000000000002,0.0,0.0003900439034445818,0.0
neural_information_confirmation,12205,32.0,16,weight,0.0006693650052215953,0.00039004390344457487,0.0005417276436730302,0.0,5.740608747298293,42.20183702667226,1.5083244838069296,1.0000000000000002,0.0,0.0003900439034445818,0.0
neural_information_confirmation,12205,32.0,16,restored,0.0006693650052215953,0.00039004390344457487,0.0005417276436730302,0.0,5.740608747298293,42.20183702667226,1.5083244838069296,1.0000000000000002,0.0,0.0003900439034445818,0.0
neural_information_confirmation,12206,0.5,2,point,0.8148031490201985,0.0947062855366694,0.021153919635286934,0.0794754633992628,9.120130834974585,66.29753488182469,2.1510963784288997,0.00013300103143852173,0.09189860026041666,0.05958369798741958,0.03512258754924983
neural_information_confirmation,12206,0.5,2,weight,0.4900873975382749,0.05696389006963999,0.020534705968174596,0.04217890177255429,8.666470413574471,61.254243294197764,2.2568404678397784,0.9999759330324869,0.09218343098958333,0.03629573630433409,0.02066815376530591
neural_information_confirmation,12206,0.5,2,shuffled,0.6424995045313628,0.07467907016128562,0.021560004232821717,0.05915586711365399,8.902106342565737,63.827851344663536,2.2075140319841102,0.6511396569251113,0.13360595703125,0.05149076437062608,0.023188305790659558
neural_information_confirmation,12206,0.5,2,restored,0.439499489722924,0.05108395103402813,0.021995106781584534,0.03524747415128725,8.641528869365263,61.23644251310351,2.231028575894017,0.9998868136366301,0.25944010416666663,0.041989924637500786,0.009094026396527344
neural_information_confirmation,12206,0.5,4,shuffled,0.45757736194490606,0.0531851801844177,0.01579759852941343,0.041810909243240026,8.735967331405053,63.653061587117094,2.0424294119879476,0.6575426131365986,0.37528483072916663,0.04158564160505303,0.01159953857936467
neural_information_confirmation,12206,0.5,4,restored,0.2548915131613248,0.029626577235689778,0.015025116916652127,0.018808493055700242,8.474555766867045,61.178916899989424,2.0507155301539632,0.9999901235333859,0.48441569010416663,0.02837192435747288,0.0012546528782168959
neural_information_confirmation,12206,0.5,4,point,0.31907373858258437,0.037086612428771745,0.014777418548717046,0.026446871073695477,8.565387204368625,62.21418182667455,2.0264352441040026,0.700372470785749,0.39567057291666663,0.03437805477255555,0.0027085576562161998
neural_information_confirmation,12206,0.5,4,weight,0.3114661447995558,0.036202365785973564,0.015126941911371553,0.025310967609786048,8.496195672431082,61.19342550689718,2.0732246298845434,0.9999621746793794,0.17250569661458331,0.026046732325187134,0.010155633460786429
neural_information_confirmation,12206,0.5,16,weight,0.0002135518707220014,2.482158355647987e-05,8.080704954063759e-06,1.900347598955231e-05,8.211268591432644,61.14861429663221,1.7590311663946252,1.0000000000000027,0.6971435546875,2.481928545210821e-05,2.2981043703078117e-09
neural_information_confirmation,12206,0.5,16,shuffled,0.06316158229105241,0.007341403693146462,0.001640464648198095,0.006160269146443833,8.276186115656504,61.50814843691608,1.7880395166533525,1.0000000000000007,0.6792195638020833,0.007198228087629446,0.00014317560551701627
neural_information_confirmation,12206,0.5,16,restored,0.00012161699795418632,1.4135799730538582e-05,4.420802927270761e-06,1.0952821622901992e-05,8.21118321880597,61.14831267363248,1.7589721513182146,1.0000000000000004,0.6976318359375,1.4133564680751802e-05,2.235049785526615e-09
neural_information_confirmation,12206,0.5,16,point,0.0001567005792328443,1.821363824922988e-05,4.874487877102912e-06,1.4704006977714224e-05,8.2112277777275,61.14835857943632,1.7590165460757812,1.0000000000000007,0.6989949544270833,1.821327167613061e-05,3.665730980898925e-10
neural_information_confirmation,12206,2.0,2,point,0.38564484254465464,0.11968632345702719,0.12952900789536426,0.026425437772364918,7.697773327250935,52.638073243591315,2.220251151745192,0.9999869671553626,0.08376057942708333,0.10933324579892763,0.01035307765809957
neural_information_confirmation,12206,2.0,2,shuffled,0.3935327379818585,0.12213436139385783,0.1316524544877909,0.027344594162648384,7.723660086225833,52.808714950223624,2.228494538573405,0.9982467781052574,0.08622233072916666,0.11170920567706918,0.010425155716788656
neural_information_confirmation,12206,2.0,2,weight,0.3900430013577913,0.12105130854240012,0.13504578670967077,0.023818342111437147,7.695487451558231,52.28660173886706,2.2605255622532656,0.9999972958837919,0.08359781901041666,0.10981572361873954,0.011235584923660594
neural_information_confirmation,12206,2.0,2,restored,0.38975134355776647,0.12096079145013927,0.13498975159174964,0.02376817030407953,7.699615353054416,52.324325588222386,2.260558641290585,0.9999974633482551,0.08577473958333333,0.11005733054601058,0.010903460904128696
neural_information_confirmation,12206,2.0,4,shuffled,0.3272410184835696,0.10156047758397387,0.0898655320200908,0.03685729452950848,7.6750085116323525,54.38854350353681,1.981356615878453,0.9984201366282681,0.06837972005208333,0.07914491922413705,0.02241555835983681
neural_information_confirmation,12206,2.0,4,restored,0.2992543683571103,0.09287471573788822,0.10657545633174173,0.016140387179034182,7.542584118783378,52.19374926973268,2.1003029650796172,0.9999968983286877,0.09678141276041666,0.08647198645287198,0.006402729285016241
neural_information_confirmation,12206,2.0,4,weight,0.3012506891850444,0.0934942813951379,0.10618449550509604,0.017041444631468745,7.536557574050082,52.19436636924058,2.093466663652993,0.999993531401286,0.08900960286458333,0.08593063365991843,0.007563647735219463
neural_information_confirmation,12206,2.0,4,point,0.2586055406358162,0.08025919957877757,0.08815991938098319,0.01678405762446967,7.467690568964543,52.503872041796036,1.978481926014664,0.9999670559168766,0.10164388020833333,0.0749743241468892,0.005284875431888374
neural_information_confirmation,12206,2.0,16,point,5.973155302731935e-05,1.8537911538102604e-05,1.0974657056548408e-05,1.0636158457390395e-05,6.995582928270819,52.192330970627644,1.4868037228890654,1.0000000000000007,0.21405029296875,1.8532681715466065e-05,5.229822638967789e-09
neural_information_confirmation,12206,2.0,16,shuffled,0.002397704768802398,0.0007441366689095842,0.0008287436233500867,0.0001474412600975247,6.998960266016999,52.200259936346626,1.4896262881214406,1.0000000000000013,0.21702067057291666,0.000743326700520871,8.099683887161627e-07
neural_information_confirmation,12206,2.0,16,weight,0.00012189313065079524,3.7829990324767456e-05,3.275681048476778e-05,1.4245086775737929e-05,6.995640364151383,52.192611552921626,1.4868339606995191,1.0000000000000016,0.21407063802083331,3.778533801366997e-05,4.4652311100718674e-08
neural_information_confirmation,12206,2.0,16,restored,0.00013832743446431508,4.293043815919748e-05,3.811824901789501e-05,1.5485298866315822e-05,6.995617626952708,52.192524276263015,1.486819089855176,1.0000000000000013,0.21388753255208331,4.288795345609815e-05,4.248470310226799e-08
neural_information_confirmation,12206,32.0,2,point,0.21329496931248126,0.12981102091640276,0.18029308460611493,0.0,6.720373811999017,43.23449152004454,2.269871927561806,0.9999961860273162,0.0,0.12981102091640276,0.0
neural_information_confirmation,12206,32.0,2,restored,0.21329496931248126,0.12981102091640276,0.18029308460611493,0.0,6.720373811999017,43.23449152004454,2.269871927561806,0.9999961860273162,0.0,0.12981102091640276,0.0
neural_information_confirmation,12206,32.0,2,weight,0.21329496931248126,0.12981102091640276,0.18029308460611493,0.0,6.720373811999017,43.23449152004454,2.269871927561806,0.9999961860273162,0.0,0.12981102091640276,0.0
neural_information_confirmation,12206,32.0,2,shuffled,0.21329496931248126,0.12981102091640276,0.18029308460611493,0.0,6.720373811999017,43.23449152004454,2.269871927561806,0.9999961860273162,0.0,0.12981102091640276,0.0
neural_information_confirmation,12206,32.0,4,restored,0.16126881189694384,0.09814797405581656,0.13631663063307853,0.0,6.524429123790476,42.80560698884556,2.102318975899621,0.9999974532051015,0.0,0.09814797405581654,0.0
neural_information_confirmation,12206,32.0,4,point,0.16126881189694384,0.09814797405581656,0.13631663063307853,0.0,6.524429123790476,42.80560698884556,2.102318975899621,0.9999974532051015,0.0,0.09814797405581654,0.0
neural_information_confirmation,12206,32.0,4,weight,0.16126881189694384,0.09814797405581656,0.13631663063307853,0.0,6.524429123790476,42.80560698884556,2.102318975899621,0.9999974532051015,0.0,0.09814797405581654,0.0
neural_information_confirmation,12206,32.0,4,shuffled,0.16126881189694384,0.09814797405581656,0.13631663063307853,0.0,6.524429123790476,42.80560698884556,2.102318975899621,0.9999974532051015,0.0,0.09814797405581654,0.0
neural_information_confirmation,12206,32.0,16,restored,0.00022182508038831714,0.00013500243462322278,0.00018750338142113675,0.0,5.995565103774304,42.80135636800772,1.5095127585034551,1.0000000000000009,0.0,0.00013500243462321847,0.0
neural_information_confirmation,12206,32.0,16,shuffled,0.00022182508038831714,0.00013500243462322278,0.00018750338142113675,0.0,5.995565103774304,42.80135636800772,1.5095127585034551,1.0000000000000009,0.0,0.00013500243462321847,0.0
neural_information_confirmation,12206,32.0,16,point,0.00022182508038831714,0.00013500243462322278,0.00018750338142113675,0.0,5.995565103774304,42.80135636800772,1.5095127585034551,1.0000000000000009,0.0,0.00013500243462321847,0.0
neural_information_confirmation,12206,32.0,16,weight,0.00022182508038831714,0.00013500243462322278,0.00018750338142113675,0.0,5.995565103774304,42.80135636800772,1.5095127585034551,1.0000000000000009,0.0,0.00013500243462321847,0.0
neural_information_confirmation,12207,0.5,2,weight,0.5145296544278016,0.05767497877881429,0.020755482155431246,0.042731031626903795,7.980519460915772,60.108334316252524,2.276392374903841,0.9999913680841829,0.08949788411458333,0.03673337760032388,0.020941601178490414
neural_information_confirmation,12207,0.5,2,point,0.48871967314270925,0.05478187026681856,0.020489295465570885,0.04002957753160752,7.962826090750177,60.082786549675845,2.2595584782350158,0.9994463421582396,0.11358642578125,0.03664731735181478,0.018134552915003783
neural_information_confirmation,12207,0.5,2,shuffled,0.5622898014257061,0.0630285389494919,0.021467500079678417,0.047571938892123425,8.099390490416903,61.92197597504892,2.2098117970823044,0.5387769988490261,0.14060465494791666,0.04961950170987398,0.013409037239617914
neural_information_confirmation,12207,0.5,2,restored,0.4563425411068148,0.05115263259894162,0.022522706454893404,0.03493628395141836,7.953168438499425,60.09319203922307,2.2477054009337825,0.9996364441541032,0.26401774088541663,0.043225894338321726,0.007926738260619896
neural_information_confirmation,12207,0.5,4,restored,0.2656534316888821,0.029777790071622345,0.015177419414207052,0.01885004809339326,7.785447906053456,60.04902575875331,2.0664648474156615,0.9999990702807697,0.48173014322916663,0.028628479017212195,0.0011493110544101455
neural_information_confirmation,12207,0.5,4,weight,0.3266046824733058,0.036609975671193264,0.015316825729007173,0.025581861146308105,7.8084139917624,60.06356475590422,2.0903530739093954,0.9999863911715824,0.16912841796875,0.02641934021999164,0.01019063545120163
neural_information_confirmation,12207,0.5,4,shuffled,0.3774992162747392,0.04231487748140992,0.0154236154209174,0.031209874378349385,7.931256048334185,61.58389033923033,2.0602743978677585,0.7934545770103605,0.41776529947916663,0.035695971582308375,0.006618905899101546
neural_information_confirmation,12207,0.5,4,point,0.29283523816760854,0.032824670068410486,0.014966596767940932,0.02204872039549301,7.79898994063466,60.09155894346464,2.076834502621845,0.9993854070314415,0.2996826171875,0.028070144128710606,0.0047545259396998794
neural_information_confirmation,12207,0.5,16,point,0.0004900827545521856,5.4934661637906334e-05,1.6593005583676227e-05,4.298769761765801e-05,7.5205407909534685,60.02406911129973,1.775300963916662,1.0000000000000002,0.6962890625,5.492952365842162e-05,5.137979483808566e-09
neural_information_confirmation,12207,0.5,16,weight,0.0001601224920660233,1.794855020006356e-05,4.807977435341607e-06,1.4486806446615941e-05,7.5202572610912855,60.02349408161332,1.7750493316517129,1.0000000000000013,0.6958211263020833,1.794790129241958e-05,6.489076428382118e-10
neural_information_confirmation,12207,0.5,16,restored,0.0002880072311011092,3.228348609056186e-05,1.0000238598408296e-05,2.5083314299706263e-05,7.5203546887687835,60.023893768362626,1.7751136843928597,1.0000000000000013,0.69427490234375,3.227925988567269e-05,4.226204888064142e-09
neural_information_confirmation,12207,0.5,16,shuffled,0.03452088603700293,0.0038695366777725436,0.0014806004396325481,0.002803504361237108,7.543740175877517,60.0452770622922,1.7987182630629084,1.0000000000000007,0.6797892252604166,0.003868040727142142,1.4959506304014926e-06
neural_information_confirmation,12207,2.0,2,weight,0.41801912430528776,0.12316353020045392,0.1372180636589969,0.024366524365976156,7.11088663376338,51.25277190336297,2.2806261654756677,0.9999956063644548,0.07576497395833333,0.11147553009978113,0.011688000100672788
neural_information_confirmation,12207,2.0,2,point,0.40881708836778674,0.12045227809451832,0.13119229515698616,0.02599382558148829,7.101327621777031,51.54779379061506,2.2377381493473005,0.9999485199376869,0.07674153645833333,0.10955513251685303,0.010897145577665268
neural_information_confirmation,12207,2.0,2,shuffled,0.4168081082959973,0.12280672114995568,0.13434258357822249,0.026080060973635466,7.120984776040584,51.602450059664996,2.253565497984175,0.9986452589467876,0.07902018229166666,0.11174144714261754,0.011065274007338139
neural_information_confirmation,12207,2.0,2,restored,0.4174798846403137,0.12300465072126099,0.1372558231320677,0.02418045806617223,7.115342151228421,51.28360081882557,2.2821957531489936,0.9999955290415881,0.07779947916666666,0.11170746321054345,0.011297187510717519
neural_information_confirmation,12207,2.0,4,shuffled,0.2884187992926936,0.08497859411599887,0.0916196332241277,0.019012458194626925,6.900931322467885,51.68077607919941,2.0008616361949882,0.997873255868805,0.09672037760416666,0.07913388435900905,0.0058447097569898155
neural_information_confirmation,12207,2.0,4,weight,0.3202266560678406,0.09435033741852886,0.1070379706109853,0.017282998578619445,6.947897826661018,51.194514031229176,2.106177093550093,0.9999954403989206,0.08270263671875,0.08673093998136217,0.007619397437166721
neural_information_confirmation,12207,2.0,4,restored,0.31801002952872237,0.09369723918971569,0.1073618139867604,0.016396733119248198,6.953276507300327,51.194379352712595,2.1121590778456816,0.9999950374401868,0.09041341145833333,0.08721640516044267,0.006480834029273033
neural_information_confirmation,12207,2.0,4,point,0.27595965332701017,0.08130767976975564,0.0897044014686131,0.0167205107123542,6.876163539142263,51.47740709698355,1.9956374293459804,0.9999817722888326,0.09564208984375,0.0756731299892985,0.005634549780457151
neural_information_confirmation,12207,2.0,16,restored,0.0006002931210132257,0.00017686803220285567,0.00018122706957865832,4.6384542106222835e-05,6.400987996450086,51.19372134714402,1.4995079656590928,1.0000000000000007,0.20786539713541666,0.0001766956745454639,1.72357657393471e-07
neural_information_confirmation,12207,2.0,16,point,0.00024011269410438612,7.074587101962366e-05,5.779104685647358e-05,2.9136317282964604e-05,6.4009610900777165,51.194317281969624,1.4994129043994044,1.0000000000000009,0.20863850911458331,7.072233069930616e-05,2.354032031981223e-08
neural_information_confirmation,12207,2.0,16,weight,0.00016978864212766848,5.0025865651813756e-05,4.2156541002971846e-05,1.9673156129675743e-05,6.400831247055381,51.19387015868741,1.4993177800187232,1.0000000000000002,0.20863850911458331,5.000059501459292e-05,2.5270637223026768e-08
neural_information_confirmation,12207,2.0,16,shuffled,0.0038894713670360273,0.0011459787275854138,0.0012876200216735616,0.00021889231198045177,6.4051847555961565,51.20213413064486,1.5032433830285314,1.0,0.21262613932291666,0.0011457400380060153,2.3868957940147883e-07
neural_information_confirmation,12207,32.0,2,point,0.23479148024432686,0.13152990160370093,0.182680418894029,0.0,6.259670943246736,42.55828118416352,2.287667005724963,0.9999967823652922,0.0,0.13152990160370093,0.0
neural_information_confirmation,12207,32.0,2,restored,0.23479148024432686,0.13152990160370093,0.182680418894029,0.0,6.259670943246736,42.55828118416352,2.287667005724963,0.9999967823652922,0.0,0.13152990160370093,0.0
neural_information_confirmation,12207,32.0,2,weight,0.23479148024432686,0.13152990160370093,0.182680418894029,0.0,6.259670943246736,42.55828118416352,2.287667005724963,0.9999967823652922,0.0,0.13152990160370093,0.0
neural_information_confirmation,12207,32.0,2,shuffled,0.23479148024432686,0.13152990160370093,0.182680418894029,0.0,6.259670943246736,42.55828118416352,2.287667005724963,0.9999967823652922,0.0,0.13152990160370093,0.0
neural_information_confirmation,12207,32.0,4,weight,0.1769928637416232,0.0991511869522167,0.13770998187807873,0.0,6.052946120754603,42.04342218318129,2.114660007747999,0.9999919790693638,0.0,0.0991511869522167,0.0
neural_information_confirmation,12207,32.0,4,point,0.1769928637416232,0.0991511869522167,0.13770998187807873,0.0,6.052946120754603,42.04342218318129,2.114660007747999,0.9999919790693638,0.0,0.0991511869522167,0.0
neural_information_confirmation,12207,32.0,4,restored,0.1769928637416232,0.0991511869522167,0.13770998187807873,0.0,6.052946120754603,42.04342218318129,2.114660007747999,0.9999919790693638,0.0,0.0991511869522167,0.0
neural_information_confirmation,12207,32.0,4,shuffled,0.1769928637416232,0.0991511869522167,0.13770998187807873,0.0,6.052946120754603,42.04342218318129,2.114660007747999,0.9999919790693638,0.0,0.0991511869522167,0.0
neural_information_confirmation,12207,32.0,16,point,0.0003319691010816138,0.0001859686865779651,0.00025828984246939474,0.0,5.518448331897705,42.04080068823058,1.5219612376510947,1.0000000000000027,0.0,0.00018596868657796422,0.0
neural_information_confirmation,12207,32.0,16,shuffled,0.0003319691010816138,0.0001859686865779651,0.00025828984246939474,0.0,5.518448331897705,42.04080068823058,1.5219612376510947,1.0000000000000027,0.0,0.00018596868657796422,0.0
neural_information_confirmation,12207,32.0,16,weight,0.0003319691010816138,0.0001859686865779651,0.00025828984246939474,0.0,5.518448331897705,42.04080068823058,1.5219612376510947,1.0000000000000027,0.0,0.00018596868657796422,0.0
neural_information_confirmation,12207,32.0,16,restored,0.0003319691010816138,0.0001859686865779651,0.00025828984246939474,0.0,5.518448331897705,42.04080068823058,1.5219612376510947,1.0000000000000027,0.0,0.00018596868657796422,0.0
neural_information_confirmation,12208,0.5,2,weight,0.5133467628876736,0.05691631843729711,0.020725881367007665,0.04199368385305158,7.809610734161807,59.55421117264222,2.256053996103758,0.9999931522272086,0.08642578125,0.036209568000288066,0.02070675043700903
neural_information_confirmation,12208,0.5,2,shuffled,0.7795852448753997,0.08643498947329571,0.021186280535925965,0.07118086748742901,8.182181300305166,64.33363099061148,2.1556537179716675,0.07254824324091882,0.09649658203125,0.0561498241334943,0.03028516533980142
neural_information_confirmation,12208,0.5,2,point,0.4933052742604977,0.054694257578774844,0.020594308123548573,0.03986635572981987,7.798767818827631,59.57187471279864,2.242151588250045,0.9994589158709504,0.11185709635416666,0.036723558091602784,0.017970699487172063
neural_information_confirmation,12208,0.5,2,restored,0.4572837411399131,0.05070044053752577,0.022535472185783105,0.03447490056376193,7.785200188552185,59.53200218094803,2.231407165848441,0.999927945145442,0.28208414713541663,0.0428729799351175,0.007827460602408258
neural_information_confirmation,12208,0.5,4,point,0.32059887520226393,0.035545773326799104,0.014930250910971679,0.0247959926708995,7.684409246022618,60.303690800306626,2.0369762162711313,0.7940729698750719,0.36387125651041663,0.03187871111102386,0.0036670622157752436
neural_information_confirmation,12208,0.5,4,weight,0.3298881885683866,0.03657570778014203,0.01540828195794275,0.025481744770423247,7.644836206752238,59.548390126077166,2.074219579022582,0.9999397512442219,0.16658528645833331,0.02648482375602451,0.010090884024117522
neural_information_confirmation,12208,0.5,4,shuffled,0.45806368238823747,0.05078691499818527,0.015441475740508262,0.03966905246501931,7.857447879121684,62.21931973118066,2.022989072615219,0.5066766543907337,0.36442057291666663,0.041343313456879985,0.009443601541305278
neural_information_confirmation,12208,0.5,4,restored,0.273087118772284,0.030278000246333127,0.015310902682531064,0.019254150314910755,7.625226617386543,59.535633980289255,2.053874434885225,0.9999581331677998,0.475830078125,0.028893868018973708,0.0013841322273594162
neural_information_confirmation,12208,0.5,16,point,0.00040900008827903043,4.5347084949799526e-05,1.3035704839322666e-05,3.596137746548559e-05,7.357694394900604,59.51443440335734,1.7599042398972722,1.0000000000000007,0.6943766276041666,4.5345062707561075e-05,2.022242237264902e-09
neural_information_confirmation,12208,0.5,16,restored,0.0005657900925707265,6.273087005804226e-05,2.0653122017802993e-05,4.786062220522243e-05,7.357891791562624,59.51622111312142,1.759931061457503,1.000000000000002,0.6892496744791666,6.269590163998729e-05,3.4968418053700784e-08
neural_information_confirmation,12208,0.5,16,shuffled,0.030741796079385278,0.003408436521828427,0.001189230115144164,0.002552190838924628,7.383287221053875,59.562209437552724,1.783116331637804,1.0000000000000007,0.6900431315104166,0.0034029476621478157,5.488859680611125e-06
neural_information_confirmation,12208,0.5,16,weight,0.00023557328202813385,2.6118726959161308e-05,8.249476241034925e-06,2.0179104065614522e-05,7.357536296490257,59.51417343715731,1.7597571819066338,0.9999999999999993,0.6918131510416666,2.610163477658341e-05,1.709218257666651e-08
neural_information_confirmation,12208,2.0,2,point,0.40899653103217115,0.11873639178394113,0.12871654710330996,0.026060477869557928,6.960875229804694,51.16969326413705,2.2161061679961116,0.9999551204176327,0.06363932291666666,0.10461811616864033,0.01411827561530079
neural_information_confirmation,12208,2.0,2,weight,0.4031944550926798,0.11705198248058342,0.12922459465357863,0.0240102743300068,6.937061338330182,50.92808740205538,2.215667083856296,0.9999951919499362,0.05731201171875,0.104519776361252,0.012532206119331432
neural_information_confirmation,12208,2.0,2,restored,0.39472048317643016,0.11459189107864733,0.12942548115846525,0.021405544644552334,6.924198314174124,50.74814445879745,2.2207361299579937,0.9999949872342757,0.06394449869791666,0.10469061263688395,0.009901278441763372
neural_information_confirmation,12208,2.0,2,shuffled,0.41705136024324696,0.12107480124317394,0.12923323419592414,0.02802687262210853,6.982025447627116,51.37133345694362,2.2178850638210474,0.9965945541270644,0.06013997395833333,0.10563268044459687,0.015442120798577083
neural_information_confirmation,12208,2.0,4,shuffled,0.28385612626120477,0.08240669458238303,0.08872226063820587,0.0185266669228748,6.756702915492626,51.259515800324166,1.9803804728653975,0.9985284095416473,0.08221435546875,0.07283931376199773,0.009567380820385291
neural_information_confirmation,12208,2.0,4,point,0.27317391100188454,0.07930552476817922,0.08841114402751923,0.015649501068365355,6.729308841598629,50.981788519067344,1.9798537369879021,0.9998969067358783,0.08544921875,0.07197132261934382,0.007334202148835388
neural_information_confirmation,12208,2.0,4,weight,0.28807165527654843,0.08363051108635002,0.09328776666532602,0.01646331908731527,6.733053397336548,50.89871816708975,1.9929158159383265,0.9999872422441919,0.079345703125,0.07700079313600684,0.006629717950343177
neural_information_confirmation,12208,2.0,4,restored,0.287816619820836,0.08355647136353905,0.0939979670576961,0.01587793508199785,6.7447399615265455,50.919242239885286,2.0036538829895303,0.9999787426033345,0.09425862630208333,0.07782928015670013,0.005727191206838941
neural_information_confirmation,12208,2.0,16,weight,0.00025441642896397804,7.386001223409389e-05,6.703851822370832e-05,2.5592279113026482e-05,6.261150727920935,50.742538802949085,1.4871277309525166,1.0000000000000016,0.20546468098958331,7.336447403029352e-05,4.955382038031431e-07
neural_information_confirmation,12208,2.0,16,shuffled,0.0030739550129278174,0.0008924044559011125,0.000999002874409595,0.00017312238632620621,6.264039165237286,50.74008064426418,1.4905899986588382,1.0000000000000002,0.20560709635416666,0.000890207403831086,2.197052070028625e-06
neural_information_confirmation,12208,2.0,16,restored,0.0003378187313871414,9.807265880888972e-05,9.479716988537867e-05,2.981869649141956e-05,6.261116084326898,50.74203004260057,1.4871439725575963,1.000000000000001,0.20536295572916666,9.75695195118708e-05,5.031392970215214e-07
neural_information_confirmation,12208,2.0,16,point,0.00032435346392787777,9.416353696747996e-05,8.605257115850542e-05,3.220568573335841e-05,6.261220208515818,50.74232441988852,1.4872276775844946,1.0000000000000029,0.20536295572916666,9.365853586027587e-05,5.050011072064832e-07
neural_information_confirmation,12208,32.0,2,shuffled,0.3945916791209361,0.21649614755975347,0.30068909383299086,0.0,6.296459684291793,44.26766458061516,2.221150588903749,0.999998065232234,0.0,0.21649614755975347,0.0
neural_information_confirmation,12208,32.0,2,restored,0.3945916791209361,0.21649614755975347,0.30068909383299086,0.0,6.296459684291793,44.26766458061516,2.221150588903749,0.999998065232234,0.0,0.21649614755975347,0.0
neural_information_confirmation,12208,32.0,2,point,0.3945916791209361,0.21649614755975347,0.30068909383299086,0.0,6.296459684291793,44.26766458061516,2.221150588903749,0.999998065232234,0.0,0.21649614755975347,0.0
neural_information_confirmation,12208,32.0,2,weight,0.3945916791209361,0.21649614755975347,0.30068909383299086,0.0,6.296459684291793,44.26766458061516,2.221150588903749,0.999998065232234,0.0,0.21649614755975347,0.0
neural_information_confirmation,12208,32.0,4,restored,0.18327835292706116,0.10055725814645118,0.1396628585367377,0.0,5.943733732326883,41.701395490934246,2.1059960415544783,0.9999919863110163,0.0,0.10055725814645118,0.0
neural_information_confirmation,12208,32.0,4,weight,0.18327835292706116,0.10055725814645118,0.1396628585367377,0.0,5.943733732326883,41.701395490934246,2.1059960415544783,0.9999919863110163,0.0,0.10055725814645118,0.0
neural_information_confirmation,12208,32.0,4,shuffled,0.18327835292706116,0.10055725814645118,0.1396628585367377,0.0,5.943733732326883,41.701395490934246,2.1059960415544783,0.9999919863110163,0.0,0.10055725814645118,0.0
neural_information_confirmation,12208,32.0,4,point,0.18327835292706116,0.10055725814645118,0.1396628585367377,0.0,5.943733732326883,41.701395490934246,2.1059960415544783,0.9999919863110163,0.0,0.10055725814645118,0.0
neural_information_confirmation,12208,32.0,16,weight,0.000654765223420844,0.0003592426194655478,0.0004989480825910346,0.0,5.404608799589832,41.69597945438835,1.509590105360307,1.0000000000000004,0.0,0.000359242619465545,0.0
neural_information_confirmation,12208,32.0,16,point,0.000654765223420844,0.0003592426194655478,0.0004989480825910346,0.0,5.404608799589832,41.69597945438835,1.509590105360307,1.0000000000000004,0.0,0.000359242619465545,0.0
neural_information_confirmation,12208,32.0,16,shuffled,0.000654765223420844,0.0003592426194655478,0.0004989480825910346,0.0,5.404608799589832,41.69597945438835,1.509590105360307,1.0000000000000004,0.0,0.000359242619465545,0.0
neural_information_confirmation,12208,32.0,16,restored,0.000654765223420844,0.0003592426194655478,0.0004989480825910346,0.0,5.404608799589832,41.69597945438835,1.509590105360307,1.0000000000000004,0.0,0.000359242619465545,0.0
neural_information_confirmation,12209,0.5,2,point,0.48163250083927805,0.05474955552382347,0.020503759115652408,0.03998684896055374,8.16043304376106,59.390831320311634,2.2604988017297796,0.9995407671871858,0.11698404947916666,0.03665947326456011,0.018090082259263354
neural_information_confirmation,12209,0.5,2,shuffled,0.5859549360596001,0.06660840423009355,0.02184930712653646,0.0508769030989873,8.330024395886081,61.301919782214924,2.2295311346780493,0.6352274836226962,0.13657633463541666,0.04894565399603349,0.017662750234060064
neural_information_confirmation,12209,0.5,2,weight,0.49922513047086503,0.05674939700284785,0.02060690182821636,0.04191242768653206,8.170009166358765,59.37740323925174,2.27272419689682,0.9999793055590895,0.09324137369791666,0.036145871203983784,0.020603525798864063
neural_information_confirmation,12209,0.5,2,restored,0.4427920402338435,0.05033436769745679,0.022415878405313578,0.03419493524563101,8.143866761919057,59.35469733744754,2.2461860286088084,0.999944023278013,0.2927449544270833,0.04280986145465402,0.007524506242802759
neural_information_confirmation,12209,0.5,4,shuffled,0.3357669451554934,0.038168294238494,0.015694683531628756,0.026868122095721293,8.094485847570311,60.48491837953435,2.0609565905540337,0.6972833071672051,0.45804850260416663,0.03628341395489085,0.001884880283603159
neural_information_confirmation,12209,0.5,4,restored,0.2566552112916634,0.029175271013906674,0.015027427382153607,0.018355523298756074,7.978482640835803,59.35030479069164,2.0622613586716265,0.999967638569356,0.5000406901041666,0.028239097333668417,0.0009361736802382566
neural_information_confirmation,12209,0.5,4,weight,0.3159581861102373,0.035916534335837025,0.01517872719279166,0.02498785075702703,8.00045864032775,59.36345282113253,2.0852540287077055,0.9999798275532179,0.17960611979166666,0.026098852861618727,0.009817681474218298
neural_information_confirmation,12209,0.5,4,point,0.27042131181731754,0.030740131947839665,0.014662132991314658,0.02018339619409311,7.984009673235406,59.38972669452656,2.0638848978457642,0.998329278395931,0.36484781901041663,0.027301967034549752,0.003438164913289912
neural_information_confirmation,12209,0.5,16,point,0.00028098304001950345,3.1940735984372644e-05,9.153527526194885e-06,2.5350196165510793e-05,7.718380014434667,59.33688609667069,1.7737494473816207,1.0000000000000016,0.6984659830729166,3.194036325540423e-05,3.727289672014021e-10
neural_information_confirmation,12209,0.5,16,shuffled,0.033133229144760266,0.003766418515327653,0.0014217735102098723,0.0027427415879765433,7.748390441243634,59.386086716580515,1.801549841061903,1.0000000000000009,0.6788330078125,0.0036819053199706993,8.451319535695236e-05
neural_information_confirmation,12209,0.5,16,weight,9.41457395986295e-05,1.0702013233128218e-05,3.0733201811123e-06,8.48922270272579e-06,7.718206994247424,59.33643227286588,1.7736087658631046,1.0000000000000009,0.69775390625,1.0701558064694585e-05,4.5516843232735044e-10
neural_information_confirmation,12209,0.5,16,restored,0.00022916061821913914,2.604982423154464e-05,7.637821877229486e-06,2.0550592479937736e-05,7.718312252433598,59.33687118847597,1.7736755984869803,1.0000000000000013,0.6967569986979166,2.604778038471741e-05,2.0438468258720923e-09
neural_information_confirmation,12209,2.0,2,point,0.39944548266935276,0.11995687869478562,0.12862365136749657,0.027347849710188082,7.280479694821439,51.09685252831738,2.2343795835857247,0.9999598308700434,0.06831868489583333,0.10493740319204653,0.015019475502739084
neural_information_confirmation,12209,2.0,2,weight,0.39170648834346267,0.11763279282112239,0.12907814823778088,0.024696526089920137,7.250540135753327,50.81130154136656,2.23387744188608,0.9999892873886717,0.061767578125,0.1046386164601907,0.012994176360931687
neural_information_confirmation,12209,2.0,2,shuffled,0.4032640605660982,0.12110363014253112,0.12939619108545175,0.027938372561005842,7.289876762614938,51.15764917205065,2.237857233839739,0.9961497593998403,0.06538899739583333,0.10587519540669055,0.015228434735840572
neural_information_confirmation,12209,2.0,2,restored,0.3818655849224724,0.11467748575385986,0.12915504204536665,0.021685855481195854,7.230965770416444,50.595924490989155,2.2368526370643464,0.9999865702902955,0.06805419921875,0.10459066778882349,0.010086817965036379
neural_information_confirmation,12209,2.0,4,weight,0.25436760215323173,0.07638875621141131,0.08700536463848499,0.013744893671702113,7.010378512708957,50.64040986124326,1.9857383655730978,0.9999879585005694,0.0882568359375,0.07056140225607746,0.0058273539553338576
neural_information_confirmation,12209,2.0,4,shuffled,0.2608737608959998,0.0783426110650442,0.08783408032553397,0.015102073230659725,7.032611281198278,50.80774962526227,1.991259928206427,0.9979189919546037,0.09602864583333333,0.07169790275219246,0.0066447083128517385
neural_information_confirmation,12209,2.0,4,restored,0.25027978605813755,0.07516115024083206,0.08725164878203262,0.012339963117768585,7.010578976047713,50.5809517479933,1.992809391911315,0.9999922373835852,0.10282389322916666,0.070915595154698,0.0042455550861340684
neural_information_confirmation,12209,2.0,4,point,0.25679610594492136,0.07711805657250884,0.08692947297171583,0.014528836032873447,7.023313881569216,50.74999871795928,1.987542663003194,0.9999615214856655,0.09511311848958333,0.07072502006226322,0.00639303651024563
neural_information_confirmation,12209,2.0,16,shuffled,0.003728284147636752,0.0011196354662695194,0.0012966282142949227,0.00018606315197717735,6.5714670367732495,50.58962952781262,1.5021278770374331,1.0000000000000007,0.21150716145833331,0.0011183224702872295,1.3129959822922334e-06
neural_information_confirmation,12209,2.0,16,weight,0.00010653640189298131,3.1993788371450794e-05,2.690564809465313e-05,1.2621721743302655e-05,6.567816361688648,50.587123002355604,1.4983454362864903,1.0000000000000009,0.21095784505208331,3.194096500478498e-05,5.282336666771979e-08
neural_information_confirmation,12209,2.0,16,point,0.00018294712451618963,5.494057881564366e-05,4.384410359945402e-05,2.3372824224039506e-05,6.567942277667358,50.587862876151505,1.4984006459878596,1.000000000000001,0.21103922526041666,5.490584605199884e-05,3.473276364743825e-08
neural_information_confirmation,12209,2.0,16,restored,0.00030251968059993205,9.084923525984743e-05,8.569594769983328e-05,2.9148152915969183e-05,6.56792008488594,50.587768478019676,1.4983867687150794,1.0000000000000016,0.21073404947916666,9.074723086560484e-05,1.0200439424394352e-07
neural_information_confirmation,12209,32.0,2,restored,0.3947730755348511,0.22672495382551822,0.3148957692021086,0.0,6.598740782773845,44.45820396706176,2.238666476497288,0.9999939368657846,0.0,0.22672495382551822,0.0
neural_information_confirmation,12209,32.0,2,weight,0.3947730755348511,0.22672495382551822,0.3148957692021086,0.0,6.598740782773845,44.45820396706176,2.238666476497288,0.9999939368657846,0.0,0.22672495382551822,0.0
neural_information_confirmation,12209,32.0,2,point,0.3947730755348511,0.22672495382551822,0.3148957692021086,0.0,6.598740782773845,44.45820396706176,2.238666476497288,0.9999939368657846,0.0,0.22672495382551822,0.0
neural_information_confirmation,12209,32.0,2,shuffled,0.3947730755348511,0.22672495382551822,0.3148957692021086,0.0,6.598740782773845,44.45820396706176,2.238666476497288,0.9999939368657846,0.0,0.22672495382551822,0.0
neural_information_confirmation,12209,32.0,4,restored,0.2401809290637127,0.13794003042877975,0.1915833755955274,0.0,6.21967128786806,42.86207393475783,1.9997594121168005,0.999991632701218,0.0,0.13794003042877973,0.0
neural_information_confirmation,12209,32.0,4,shuffled,0.2401809290637127,0.13794003042877975,0.1915833755955274,0.0,6.21967128786806,42.86207393475783,1.9997594121168005,0.999991632701218,0.0,0.13794003042877973,0.0
neural_information_confirmation,12209,32.0,4,point,0.2401809290637127,0.13794003042877975,0.1915833755955274,0.0,6.21967128786806,42.86207393475783,1.9997594121168005,0.999991632701218,0.0,0.13794003042877973,0.0
neural_information_confirmation,12209,32.0,4,weight,0.2401809290637127,0.13794003042877975,0.1915833755955274,0.0,6.21967128786806,42.86207393475783,1.9997594121168005,0.999991632701218,0.0,0.13794003042877973,0.0
neural_information_confirmation,12209,32.0,16,restored,0.0004638073293083262,0.00026637251078710864,0.0003699618205376518,0.0,5.657757439098261,41.57642417358398,1.5211944037899408,0.9999999999999993,0.0,0.0002663725107871093,0.0
neural_information_confirmation,12209,32.0,16,weight,0.0004638073293083262,0.00026637251078710864,0.0003699618205376518,0.0,5.657757439098261,41.57642417358398,1.5211944037899408,0.9999999999999993,0.0,0.0002663725107871093,0.0
neural_information_confirmation,12209,32.0,16,point,0.0004638073293083262,0.00026637251078710864,0.0003699618205376518,0.0,5.657757439098261,41.57642417358398,1.5211944037899408,0.9999999999999993,0.0,0.0002663725107871093,0.0
neural_information_confirmation,12209,32.0,16,shuffled,0.0004638073293083262,0.00026637251078710864,0.0003699618205376518,0.0,5.657757439098261,41.57642417358398,1.5211944037899408,0.9999999999999993,0.0,0.0002663725107871093,0.0
neural_information_confirmation,12210,0.5,2,weight,0.5138403734063507,0.05732189541677862,0.020726250705506655,0.042398994908813825,7.890601258026859,58.3780115844363,2.2443436428040866,0.9999786941716278,0.08683268229166666,0.036531982657785345,0.02078991275899328
neural_information_confirmation,12210,0.5,2,point,0.8022782412073148,0.08949882457226632,0.020925290738589137,0.07443261524048213,8.284873479664233,63.28888148989022,2.1335023341123582,3.239048864721764e-05,0.09153238932291666,0.056819668677653784,0.032679155894612524
neural_information_confirmation,12210,0.5,2,shuffled,0.6756436638338308,0.07537199768976605,0.02152512710034811,0.0598739061775154,8.134364680872302,61.4418497875361,2.1727241097687484,0.4297920754232513,0.12943522135416666,0.05384635034958788,0.021525647340178148
neural_information_confirmation,12210,0.5,2,restored,0.45873056691310227,0.0511740745608516,0.02234510018482519,0.03508560242777746,7.864872763838082,58.361286887247054,2.217608209320031,0.9983130327143669,0.25962320963541663,0.04266629410395255,0.00850778045689904
neural_information_confirmation,12210,0.5,4,shuffled,0.41869199038259675,0.046707537450690846,0.01524383292602087,0.03573197774395582,7.8981257606957715,60.59802707314094,2.004434300129155,0.5169653457202152,0.44809977213541663,0.040488842258812,0.006218695191878856
neural_information_confirmation,12210,0.5,4,weight,0.32439110779970204,0.03618772310972648,0.01527260820224684,0.025191445204108754,7.716172014466711,58.30697594428022,2.058351379536427,0.99992089094962,0.16569010416666666,0.026050390794932217,0.01013733231479426
neural_information_confirmation,12210,0.5,4,restored,0.26267377633109495,0.0293027942428224,0.0150829533685692,0.01844306781745257,7.694052992423304,58.29431618573942,2.035174481118678,0.9997540861984366,0.4910888671875,0.028257959530288465,0.0010448347125339389
neural_information_confirmation,12210,0.5,4,point,0.6104215543591842,0.06809609036200376,0.014336390297977179,0.05777388934746018,8.125991330753317,63.28593038397637,1.9571816429335829,8.529323857009623e-05,0.40061442057291663,0.04618815718454479,0.02190793317745896
neural_information_confirmation,12210,0.5,16,restored,4.451967929985165e-05,4.966430301879974e-06,1.4977909673370332e-06,3.888020805395551e-06,7.43366338450165,58.278861010120124,1.7473926402685307,1.0000000000000004,0.6938883463541666,4.964388556675232e-06,2.0417452035554117e-09
neural_information_confirmation,12210,0.5,16,point,0.00018382759224472677,2.050704180272227e-05,5.149630888570919e-06,1.679930756294964e-05,7.43379921735273,58.27948908908633,1.7474734227940318,0.999999999999999,0.6944986979166666,2.050666348872104e-05,3.783140002164084e-10
neural_information_confirmation,12210,0.5,16,weight,4.130697489335045e-05,4.608034357291845e-06,1.2178971407117677e-06,3.731148415977742e-06,7.433665828440622,58.278829617563225,1.7473988683107335,1.0,0.69403076171875,4.607872756570723e-06,1.6160072004888996e-10
neural_information_confirmation,12210,0.5,16,shuffled,0.03770321664195983,0.004206014071839879,0.001293585105248557,0.0032746327960609155,7.46679348378848,58.39297065259384,1.7714663954204533,1.0000000000000004,0.6869303385416666,0.004158245217578575,4.7768854261303617e-05
neural_information_confirmation,12210,2.0,2,weight,0.4143842195480371,0.1213784646244473,0.1356011008600312,0.023745672005224823,7.0216516459193965,49.745850209810754,2.2435925231389287,0.9999925401582974,0.07594807942708333,0.1101937332902936,0.011184731334153708
neural_information_confirmation,12210,2.0,2,shuffled,0.5059992009747828,0.14821367035285116,0.13298601385937048,0.05246374037410441,7.275246470122196,52.70819724560299,2.194254146697091,0.9023165911866107,0.04042561848958333,0.11893453706656973,0.029279133286281414
neural_information_confirmation,12210,2.0,2,point,0.43624740526396205,0.12778247276185295,0.1297007329960883,0.03439794500466937,7.118319946265553,51.072885989205474,2.2026627232223266,0.9940492972454642,0.04193115234375,0.1092183398735157,0.018564132888337255
neural_information_confirmation,12210,2.0,2,restored,0.41358058053933117,0.12114306842838696,0.13532637258303226,0.023708080168603724,7.02546565414174,49.796328291346896,2.2421878564955606,0.9999918082120148,0.07861328125,0.11038549758316618,0.010757570845220794
neural_information_confirmation,12210,2.0,4,weight,0.25803196746133783,0.07558088015186071,0.0863630539496616,0.013399481308104366,6.757733629830112,49.69059020778121,1.9563392459767308,0.9999762574290776,0.08205159505208333,0.06986353279469662,0.005717347357164078
neural_information_confirmation,12210,2.0,4,shuffled,0.2831967310827119,0.08295196289804006,0.08706084751819178,0.020268152684941983,6.835044154202543,50.457362050515265,1.9565438900112182,0.9799470278129648,0.08536783854166666,0.07285510964462763,0.01009685325341244
neural_information_confirmation,12210,2.0,4,restored,0.25374775651278764,0.07432597969346624,0.08668992883681989,0.011909230930955916,6.761051655049343,49.64445136595133,1.965188278042931,0.999985333260585,0.09804280598958333,0.0703516897063057,0.003974289987160547
neural_information_confirmation,12210,2.0,4,point,0.26208742669340285,0.07676877629199842,0.08618110113573318,0.014718383474270529,6.775125101790637,49.853806204167796,1.9574224377897163,0.999650152284665,0.08603922526041666,0.07003622719842362,0.006732549093574796
neural_information_confirmation,12210,2.0,16,weight,4.336104050341447e-05,1.270100614971126e-05,9.817128765535375e-06,5.632673438528026e-06,6.3228084505940325,49.64646815956149,1.4777086134348054,0.9999999999999977,0.20705159505208331,1.269425871697338e-05,6.747432740653311e-09
neural_information_confirmation,12210,2.0,16,restored,4.78942900558441e-05,1.4028853216458899e-05,1.1679118245255406e-05,5.6198880798774e-06,6.322802757085021,49.646385115931565,1.4777115703736272,0.9999999999999998,0.20711263020833331,1.4020519023730773e-05,8.33419273099645e-09
neural_information_confirmation,12210,2.0,16,shuffled,0.0039819771969930255,0.001166372307487314,0.0012856401811242083,0.0002407113770778862,6.328047625973453,49.67360983444572,1.480498323614448,1.000000000000002,0.210205078125,0.0011373609188825315,2.901138860478572e-05
neural_information_confirmation,12210,2.0,16,point,7.614770884748975e-05,2.2304642765254476e-05,2.0216418599921955e-05,7.748821373312878e-06,6.322847819532822,49.6463910759938,1.4777610058352326,1.0000000000000007,0.20707194010416666,2.2301493330060392e-05,3.1494351967169056e-09
neural_information_confirmation,12210,32.0,2,shuffled,0.2340814317932809,0.12972067389693875,0.18016760263463716,0.0,6.193106145671614,41.402563328536786,2.2554578396617186,0.9999978339459593,0.0,0.12972067389693875,0.0
neural_information_confirmation,12210,32.0,2,restored,0.2340814317932809,0.12972067389693875,0.18016760263463716,0.0,6.193106145671614,41.402563328536786,2.2554578396617186,0.9999978339459593,0.0,0.12972067389693875,0.0
neural_information_confirmation,12210,32.0,2,point,0.2340814317932809,0.12972067389693875,0.18016760263463716,0.0,6.193106145671614,41.402563328536786,2.2554578396617186,0.9999978339459593,0.0,0.12972067389693875,0.0
neural_information_confirmation,12210,32.0,2,weight,0.2340814317932809,0.12972067389693875,0.18016760263463716,0.0,6.193106145671614,41.402563328536786,2.2554578396617186,0.9999978339459593,0.0,0.12972067389693875,0.0
neural_information_confirmation,12210,32.0,4,shuffled,0.24225189051322965,0.13424848886747798,0.1864562345381638,0.0,6.006941300234457,42.09709097606174,1.9708007827423724,0.9999929615679768,0.0,0.13424848886747795,0.0
neural_information_confirmation,12210,32.0,4,weight,0.24225189051322965,0.13424848886747798,0.1864562345381638,0.0,6.006941300234457,42.09709097606174,1.9708007827423724,0.9999929615679768,0.0,0.13424848886747795,0.0
neural_information_confirmation,12210,32.0,4,point,0.24225189051322965,0.13424848886747798,0.1864562345381638,0.0,6.006941300234457,42.09709097606174,1.9708007827423724,0.9999929615679768,0.0,0.13424848886747795,0.0
neural_information_confirmation,12210,32.0,4,restored,0.24225189051322965,0.13424848886747798,0.1864562345381638,0.0,6.006941300234457,42.09709097606174,1.9708007827423724,0.9999929615679768,0.0,0.13424848886747795,0.0
neural_information_confirmation,12210,32.0,16,shuffled,8.036847430096015e-05,4.453771735126839e-05,6.185794076565154e-05,0.0,5.459012340908099,40.856630592303944,1.5003210489496042,1.0000000000000009,0.0,4.4537717351269116e-05,0.0
neural_information_confirmation,12210,32.0,16,point,8.036847430096015e-05,4.453771735126839e-05,6.185794076565154e-05,0.0,5.459012340908099,40.856630592303944,1.5003210489496042,1.0000000000000009,0.0,4.4537717351269116e-05,0.0
neural_information_confirmation,12210,32.0,16,restored,8.036847430096015e-05,4.453771735126839e-05,6.185794076565154e-05,0.0,5.459012340908099,40.856630592303944,1.5003210489496042,1.0000000000000009,0.0,4.4537717351269116e-05,0.0
neural_information_confirmation,12210,32.0,16,weight,8.036847430096015e-05,4.453771735126839e-05,6.185794076565154e-05,0.0,5.459012340908099,40.856630592303944,1.5003210489496042,1.0000000000000009,0.0,4.4537717351269116e-05,0.0
